Record_ID,Timestamp,Machine_ID,Product_ID,Error_Code,Anomaly_Flag,Confidence_Level,Sensor_Temperature,Sensor_Vibration,Sensor_Pressure,Downtime_Start,Downtime_End,Repair_Duration_Minutes,Performance_Score
1,20220911,M08,P013,until,0,98,16.3,15.83,139.2,7,13,31.4,85.4
2,20210911,M09,P006,until,0,96,52.0,4.06,453.0,23,29,86.5,71.4
3,20240703,M08,P012,suggest,1,87,55.4,19.38,370.5,19,26,182.4,96.8
4,20210916,M01,P013,peace,1,82,35.6,12.9,339.0,30,32,220.4,54.1
5,20221021,M04,P003,wind,1,88,93.0,11.53,92.5,49,55,22.1,88.8
6,20200506,M05,P019,win,1,92,145.5,10.61,328.7,28,32,266.6,74.1
7,20210424,M06,P001,game,1,90,27.1,19.47,73.6,9,10,228.6,61.0
8,20210322,M06,P005,can,0,100,116.1,5.26,105.7,8,12,12.0,71.8
9,20210316,M06,P011,recent,0,91,126.4,6.04,235.3,31,40,139.0,73.0
10,20240108,M08,P017,back,0,87,25.3,11.3,248.2,1,2,282.9,68.9
11,20220427,M06,P014,sign,1,98,50.4,18.71,79.5,36,40,141.9,63.1
12,20200215,M04,P010,attention,1,94,19.6,16.08,245.6,48,49,263.4,65.2
13,20230129,M07,P007,remember,1,98,42.1,18.77,479.5,23,27,186.6,98.4
14,20230419,M08,P014,night,1,90,51.5,5.89,2.0,23,24,282.4,52.4
15,20231122,M08,P001,strong,0,98,78.4,6.54,232.6,11,16,242.3,52.5
16,20210529,M06,P019,rock,0,100,123.4,7.21,352.6,37,40,292.9,53.8
17,20230206,M03,P011,bed,1,94,40.0,2.3,219.9,28,30,38.6,67.1
18,20211227,M04,P019,upon,1,98,30.7,14.66,144.8,24,28,75.9,64.1
19,20230908,M04,P001,firm,1,97,11.4,13.55,31.3,36,45,19.3,88.9
20,20240117,M06,P003,deal,1,91,107.9,12.09,378.3,7,13,83.3,74.4
21,20241117,M08,P003,step,0,98,119.8,11.65,404.8,22,31,155.6,74.6
22,20220312,M05,P013,realize,0,88,56.2,1.95,71.0,2,8,138.3,60.9
23,20220704,M02,P018,fall,0,81,14.2,7.53,376.5,37,42,201.5,50.5
24,20230609,M06,P015,decade,1,98,33.2,12.15,187.6,38,40,128.7,83.5
25,20211221,M09,P015,keep,0,92,108.4,15.24,369.0,23,26,117.1,78.4
26,20200214,M03,P012,organization,0,86,117.5,2.38,309.8,22,26,33.2,93.5
27,20240917,M08,P003,water,1,97,13.5,2.93,346.5,24,25,72.7,99.5
28,20200220,M01,P009,social,1,87,29.7,9.37,330.0,17,22,194.9,53.7
29,20210227,M01,P003,reveal,0,88,2.8,0.2,141.6,3,12,66.2,86.5
30,20230718,M05,P011,range,0,94,125.9,8.37,446.0,25,26,34.3,56.2
31,20241212,M08,P014,none,1,85,94.8,5.93,472.2,16,19,40.2,66.3
32,20201103,M09,P001,think,0,97,15.3,3.91,320.1,22,26,40.0,64.2
33,20200220,M09,P010,skill,1,87,56.4,10.88,489.2,37,40,15.3,96.4
34,20231112,M06,P002,identify,0,81,64.1,2.17,408.5,8,16,168.0,60.4
35,20230611,M03,P014,night,1,84,149.6,8.14,402.6,3,7,212.8,94.7
36,20230914,M06,P013,student,1,90,76.4,9.99,286.4,19,21,231.1,64.7
37,20220403,M02,P006,record,0,90,73.8,15.59,414.7,19,21,76.1,76.5
38,20200616,M05,P012,throw,0,90,53.4,7.48,52.3,27,30,67.8,87.5
39,20200901,M06,P011,be,1,96,117.4,11.83,128.8,23,24,288.3,88.9
40,20241005,M08,P002,must,0,92,51.8,9.27,197.1,33,35,136.4,76.8
41,20210608,M02,P011,candidate,1,94,56.6,3.73,148.7,7,10,146.0,95.1
42,20230212,M09,P010,study,1,85,79.5,10.72,6.7,0,7,98.8,99.4
43,20210308,M08,P014,concern,0,82,44.3,1.22,115.1,45,46,34.3,72.4
44,20220208,M02,P015,final,1,80,41.7,19.25,355.4,4,11,254.8,61.1
45,20220830,M03,P017,for,1,95,96.6,6.28,114.0,33,37,149.1,88.4
46,20230109,M09,P011,every,0,81,13.2,13.68,209.0,42,47,254.1,57.6
47,20240613,M08,P018,indicate,1,80,71.7,14.74,38.6,34,43,17.4,75.5
48,20211128,M01,P017,entire,1,97,134.1,19.94,190.1,46,47,91.0,99.0
49,20220609,M01,P016,quite,0,80,13.2,18.45,314.1,43,44,15.9,63.2
50,20230504,M06,P015,because,1,98,62.8,11.73,249.5,26,33,241.0,82.7
51,20220903,M07,P001,will,1,81,85.7,7.55,173.3,48,49,294.3,91.0
52,20230211,M01,P011,second,1,99,126.0,11.28,134.0,11,20,73.6,93.8
53,20230811,M04,P017,example,0,86,130.1,11.74,293.1,49,54,263.8,96.3
54,20200111,M09,P003,reduce,1,91,116.4,19.81,188.8,1,5,172.8,91.9
55,20200530,M07,P005,national,0,99,59.5,17.2,19.1,10,11,114.2,67.3
56,20210409,M07,P002,player,1,85,78.6,18.73,256.2,47,49,165.8,93.0
57,20200516,M05,P015,provide,0,96,119.7,2.02,447.9,22,24,205.1,96.7
58,20210628,M06,P011,but,0,99,60.9,2.42,404.8,29,33,147.5,50.2
59,20230606,M01,P017,administration,1,100,20.1,1.58,377.1,7,8,277.8,94.5
60,20230511,M09,P003,during,1,80,128.7,16.13,147.0,30,37,208.0,84.2
61,20221108,M04,P018,might,1,98,46.0,1.22,132.2,33,41,102.0,81.9
62,20240618,M04,P011,contain,0,98,132.3,9.02,77.2,28,32,99.5,89.1
63,20230621,M08,P019,activity,0,89,74.5,17.22,229.7,16,17,88.4,89.2
64,20230515,M02,P015,law,0,97,127.7,10.42,162.8,2,4,264.2,57.0
65,20210624,M08,P002,job,1,98,0.4,5.39,493.6,11,20,118.8,52.9
66,20200219,M06,P009,cold,0,90,143.1,3.14,156.8,16,21,33.8,58.7
67,20200701,M04,P011,finally,0,88,18.6,17.58,465.1,32,33,248.8,74.9
68,20220223,M05,P005,machine,1,98,42.2,19.07,106.5,12,18,236.9,71.9
69,20221113,M07,P007,say,0,87,67.8,17.92,136.3,16,25,218.3,86.4
70,20220105,M03,P016,reduce,0,84,0.5,5.23,379.2,18,19,220.7,83.9
71,20231030,M05,P006,interview,0,87,132.6,15.45,160.6,23,25,157.9,86.3
72,20240708,M07,P012,unit,0,89,96.1,18.61,70.0,19,27,111.1,96.2
73,20241118,M07,P013,quality,0,97,110.5,4.19,161.6,11,12,161.7,60.6
74,20240116,M05,P018,word,1,97,115.8,16.78,462.4,32,36,73.0,74.8
75,20220807,M01,P008,energy,0,95,89.6,17.49,332.5,40,47,158.5,94.4
76,20220926,M05,P004,strong,1,92,74.6,4.6,447.5,1,3,43.2,58.1
77,20220428,M05,P011,game,0,99,50.3,6.8,212.5,1,8,220.3,84.0
78,20220215,M04,P006,open,1,92,58.4,6.36,430.7,33,38,75.5,79.3
79,20220612,M06,P007,without,0,98,83.8,10.97,490.5,41,47,268.0,73.0
80,20220810,M05,P005,her,1,83,33.1,14.74,450.4,5,8,238.0,56.4
81,20201230,M05,P005,pull,1,97,30.8,4.31,250.1,5,8,182.2,83.5
82,20211130,M08,P014,sound,1,99,132.3,5.55,389.5,25,31,103.9,94.8
83,20210624,M06,P001,realize,1,85,107.2,15.01,407.3,16,18,238.3,98.7
84,20231031,M01,P016,only,0,82,23.9,12.88,166.0,10,17,214.2,77.0
85,20201212,M02,P010,use,1,89,78.5,17.33,131.4,31,32,166.1,74.1
86,20221117,M09,P006,ground,0,100,139.9,17.02,471.2,31,39,29.3,71.1
87,20241228,M04,P019,community,1,83,68.5,18.56,247.9,18,19,127.2,75.4
88,20200610,M02,P013,against,0,90,49.4,2.35,177.0,35,37,196.4,66.4
89,20200425,M08,P008,production,1,88,112.1,18.32,263.5,37,42,228.9,75.1
90,20230819,M03,P012,allow,1,80,140.5,9.5,34.3,48,51,140.5,73.7
91,20220530,M08,P016,physical,1,100,0.2,9.07,375.4,21,28,150.6,66.8
92,20240816,M07,P002,response,0,86,93.1,0.3,341.3,33,42,230.1,96.5
93,20240823,M09,P010,maybe,1,85,132.4,1.26,328.1,16,23,51.2,82.1
94,20230905,M02,P018,sometimes,0,80,143.0,5.7,238.7,46,47,17.3,55.8
95,20221014,M09,P012,bed,0,90,42.1,6.04,189.7,37,38,124.1,99.0
96,20220126,M02,P013,around,1,82,115.5,2.57,468.8,25,33,119.8,67.9
97,20210311,M08,P014,often,0,85,68.8,5.8,343.7,16,20,199.0,86.5
98,20240924,M07,P017,action,1,92,54.9,10.43,85.9,7,11,133.5,80.5
99,20200929,M06,P001,program,1,92,24.7,14.73,58.4,42,49,76.4,84.9
100,20210107,M05,P008,animal,1,82,71.3,11.08,110.8,26,27,40.5,54.8
101,20211025,M05,P010,street,1,92,73.7,11.85,301.6,47,50,289.3,93.7
102,20230123,M05,P015,business,0,93,72.3,16.44,260.9,15,21,46.1,81.4
103,20240727,M04,P008,want,1,92,40.2,7.52,101.7,28,32,160.3,75.5
104,20230810,M04,P008,age,0,96,47.2,7.19,444.5,43,52,221.1,56.1
105,20231117,M03,P018,north,0,90,80.8,8.89,236.3,3,4,123.6,72.3
106,20230313,M03,P001,tend,1,82,49.6,16.58,31.8,25,34,186.9,91.0
107,20240106,M02,P014,song,1,81,143.0,5.16,357.8,37,41,91.4,57.0
108,20200910,M09,P008,check,1,82,109.4,18.53,277.6,23,24,79.3,63.0
109,20230702,M04,P011,several,0,86,107.1,18.21,341.4,5,12,236.3,86.4
110,20200114,M05,P011,lead,1,94,13.8,6.07,11.9,17,18,82.0,55.3
111,20220119,M02,P004,show,0,89,135.3,10.26,157.1,45,50,198.4,51.1
112,20220411,M02,P005,who,0,91,38.6,10.65,237.5,26,33,42.2,70.5
113,20221116,M07,P013,debate,1,91,113.3,4.67,198.7,37,44,99.8,94.3
114,20201231,M04,P003,business,1,94,23.4,4.09,379.9,17,21,92.8,71.0
115,20210402,M04,P011,seven,0,90,100.5,5.74,67.8,23,24,131.9,55.5
116,20201003,M09,P006,really,1,98,60.1,2.31,203.8,41,48,289.4,86.6
117,20241209,M03,P019,team,1,98,26.8,3.31,342.5,29,30,79.4,60.5
118,20220603,M05,P010,film,1,83,13.1,3.47,237.8,3,7,176.2,87.6
119,20210929,M09,P005,various,0,97,42.1,2.13,270.0,21,22,115.7,99.1
120,20240502,M09,P002,court,0,89,51.2,4.18,493.9,42,51,100.0,63.3
121,20210301,M03,P016,already,0,96,83.0,14.2,196.1,5,8,75.6,69.9
122,20230808,M08,P012,growth,1,88,60.1,1.88,140.8,18,24,98.2,66.4
123,20220110,M01,P009,through,1,92,44.7,2.56,135.4,26,30,269.0,57.2
124,20210716,M08,P001,under,0,93,76.1,18.98,143.0,6,9,257.7,57.1
125,20210620,M06,P004,magazine,1,94,38.9,18.96,215.1,5,6,287.2,57.0
126,20220314,M03,P014,fire,0,96,79.0,15.14,16.4,13,17,49.7,64.8
127,20230311,M07,P008,wind,1,97,5.2,12.98,428.7,41,44,162.4,98.2
128,20200830,M08,P001,enter,1,99,48.2,16.97,201.7,18,22,20.5,71.0
129,20210802,M07,P017,organization,1,98,118.5,1.93,306.3,8,17,114.9,99.5
130,20210528,M04,P015,likely,1,87,83.0,15.23,332.7,39,43,97.0,95.8
131,20210105,M02,P015,summer,1,96,98.9,11.46,27.8,39,48,234.3,85.8
132,20230427,M07,P015,TV,1,85,40.7,5.95,36.2,35,38,176.7,50.4
133,20240309,M05,P012,part,0,96,57.7,5.58,251.5,46,47,200.0,69.9
134,20220823,M01,P006,fear,0,97,51.2,3.26,238.5,39,41,192.7,55.1
135,20200213,M08,P015,moment,1,85,46.6,6.04,335.0,28,30,256.3,66.6
136,20220909,M06,P005,fight,0,82,114.7,0.2,411.6,46,49,32.0,90.9
137,20210816,M07,P001,news,0,92,10.3,10.24,425.5,46,53,93.9,61.9
138,20231205,M07,P004,already,1,81,111.3,15.37,229.1,22,28,81.4,91.5
139,20210203,M09,P017,we,1,92,14.9,13.62,62.5,4,5,191.0,98.2
140,20240521,M09,P005,common,0,93,132.1,13.04,143.5,22,26,15.6,87.9
141,20200123,M07,P011,particular,0,99,96.9,19.27,12.4,40,46,99.4,90.8
142,20230530,M08,P017,find,1,92,68.0,19.1,453.8,31,38,134.9,58.6
143,20240721,M06,P013,career,1,99,111.0,9.34,124.1,1,7,165.0,90.3
144,20201006,M07,P001,for,1,82,148.9,14.49,38.7,41,44,222.5,80.6
145,20210519,M07,P016,figure,1,86,17.6,15.38,118.7,48,54,169.8,99.6
146,20240114,M04,P012,lot,1,98,148.4,19.9,498.9,9,17,214.8,62.1
147,20220401,M09,P003,traditional,1,83,123.6,12.5,181.5,11,12,94.5,75.5
148,20210223,M08,P007,think,1,84,79.4,19.41,18.6,17,20,296.0,95.9
149,20230818,M01,P013,speech,1,84,4.5,4.26,323.8,19,20,59.4,74.3
150,20240824,M09,P003,investment,0,97,16.1,10.88,233.7,40,42,72.8,88.4
151,20200418,M09,P009,painting,0,86,102.5,4.39,164.0,36,43,197.3,50.8
152,20210919,M05,P016,nearly,0,89,39.3,4.4,175.3,30,37,239.1,86.2
153,20240902,M09,P004,environmental,0,100,119.8,10.23,490.0,4,8,227.8,56.9
154,20200407,M02,P012,cost,0,88,98.1,0.77,210.0,5,9,134.9,75.2
155,20211016,M08,P014,card,1,92,41.3,7.73,124.4,43,49,166.8,90.2
156,20231015,M08,P007,quickly,1,91,147.3,4.4,83.1,15,22,64.9,57.1
157,20220301,M05,P014,group,0,86,16.6,10.71,259.9,45,49,73.0,52.3
158,20210724,M09,P010,people,1,82,51.7,3.43,482.4,37,40,13.3,99.2
159,20210511,M03,P016,court,1,87,134.2,10.68,80.9,13,15,215.7,92.4
160,20211122,M04,P004,natural,0,100,126.0,11.84,115.9,32,38,93.4,95.2
161,20230109,M01,P001,could,1,89,74.8,17.62,262.5,9,11,247.8,77.3
162,20210805,M07,P004,former,1,85,147.4,4.27,402.9,8,12,250.5,93.9
163,20240327,M02,P010,each,1,80,43.4,0.91,328.7,10,14,278.3,66.5
164,20240215,M01,P016,eat,1,95,63.0,1.16,369.7,22,25,206.3,86.8
165,20241109,M07,P002,throughout,1,82,148.1,17.29,423.5,10,15,116.2,97.7
166,20241008,M03,P016,television,0,85,77.8,14.49,277.8,32,37,115.4,70.6
167,20200808,M07,P009,best,0,97,77.5,11.88,340.8,25,29,200.2,97.1
168,20240927,M09,P011,note,1,83,143.5,12.22,397.5,11,19,50.4,53.8
169,20200517,M08,P003,agree,0,85,70.6,16.17,284.9,37,41,146.4,89.2
170,20241103,M01,P003,factor,0,83,81.3,4.9,100.6,5,8,14.3,69.2
171,20240728,M03,P014,bar,1,94,18.7,9.68,81.4,6,8,24.4,59.5
172,20201016,M07,P004,situation,1,97,85.7,9.08,353.2,28,32,279.6,93.6
173,20240727,M04,P019,sit,0,94,124.6,4.75,207.3,38,42,285.1,81.2
174,20220209,M01,P007,purpose,0,98,7.2,13.01,201.0,20,27,54.9,78.7
175,20201123,M06,P001,send,1,89,15.6,2.46,418.5,47,54,220.7,66.1
176,20240121,M02,P014,already,1,95,82.2,6.39,271.9,10,17,82.4,60.9
177,20231211,M02,P009,figure,0,81,18.8,3.89,497.6,34,35,77.9,72.3
178,20240211,M01,P004,avoid,0,80,136.5,10.29,178.0,42,46,97.1,99.9
179,20220315,M02,P010,whole,0,90,76.4,2.64,402.7,10,11,101.4,56.3
180,20240504,M01,P013,civil,0,82,68.3,5.89,206.7,18,20,145.1,80.7
181,20211205,M07,P010,adult,0,82,10.1,11.86,285.3,24,25,18.4,77.2
182,20200811,M09,P006,star,1,86,36.5,6.3,401.5,29,37,49.8,90.0
183,20240103,M08,P014,suffer,1,89,79.7,8.31,40.4,30,36,227.8,60.8
184,20200120,M02,P009,model,0,91,30.0,3.45,263.9,28,31,75.3,80.6
185,20210108,M01,P010,different,1,87,43.3,1.98,468.1,13,19,147.8,67.5
186,20230202,M06,P017,even,0,80,26.4,2.96,436.8,40,49,62.0,86.2
187,20231008,M05,P012,mention,1,100,16.0,7.27,37.1,2,4,278.0,82.9
188,20230418,M09,P010,treatment,1,91,35.6,16.7,370.1,43,51,104.4,64.6
189,20231003,M06,P018,matter,0,100,108.1,8.44,403.9,45,47,26.1,90.2
190,20211030,M04,P019,candidate,0,98,46.2,10.5,478.6,27,35,170.8,68.6
191,20201027,M06,P016,beautiful,1,87,141.2,12.87,216.4,37,41,19.8,56.6
192,20231218,M01,P009,every,0,85,7.4,2.41,38.3,9,17,88.5,88.8
193,20201108,M04,P001,economic,1,83,84.6,13.05,71.1,14,19,14.9,53.4
194,20220826,M04,P003,generation,1,95,36.8,0.36,18.6,35,37,99.8,63.7
195,20240629,M09,P012,chance,0,97,78.5,8.26,270.8,14,21,159.0,81.4
196,20241016,M01,P017,former,0,89,94.4,7.57,60.1,28,36,11.6,62.9
197,20200927,M01,P006,seek,1,82,65.6,10.96,378.3,26,27,69.3,58.2
198,20240403,M08,P005,foot,1,93,65.8,15.72,475.3,43,50,193.0,75.0
199,20230807,M08,P012,father,0,83,63.3,9.09,462.9,41,49,239.5,67.9
200,20230923,M04,P009,grow,1,86,45.3,9.87,451.9,36,39,172.0,68.3
201,20231214,M08,P015,blue,0,80,56.9,17.23,383.9,14,17,145.3,72.8
202,20201030,M05,P014,require,1,80,125.1,6.27,110.0,48,50,260.5,71.0
203,20230219,M05,P008,go,0,85,73.1,19.51,0.8,15,21,89.4,82.5
204,20220426,M04,P013,radio,0,84,80.5,19.48,362.5,21,24,163.9,94.4
205,20201007,M05,P001,color,0,88,119.0,15.26,471.3,23,28,161.2,65.3
206,20231007,M08,P018,quickly,0,87,69.4,8.55,453.6,26,35,265.2,89.0
207,20211219,M06,P019,their,0,86,70.1,2.37,430.7,36,45,275.3,75.0
208,20240330,M01,P012,control,1,82,95.3,16.85,216.0,12,20,180.9,90.6
209,20240111,M02,P004,surface,1,95,147.5,11.25,491.1,38,46,49.8,81.1
210,20210325,M03,P006,reality,1,90,73.6,14.86,284.7,25,30,196.2,97.1
211,20211215,M03,P001,pick,1,90,2.5,13.4,132.6,34,37,33.0,99.4
212,20230705,M02,P010,much,0,80,138.8,4.09,15.5,49,52,112.9,68.9
213,20200502,M09,P013,back,1,83,96.9,7.42,382.2,6,7,89.5,94.3
214,20220823,M06,P003,item,1,84,40.6,16.13,183.8,8,11,217.3,75.1
215,20200229,M02,P002,likely,0,82,105.5,3.43,349.8,44,46,127.0,76.3
216,20210125,M07,P018,data,0,83,22.5,13.39,183.2,34,38,113.9,77.4
217,20220910,M06,P008,no,0,83,149.7,2.04,274.2,41,42,251.9,84.9
218,20230506,M01,P016,picture,0,93,36.4,9.72,290.2,41,48,149.7,84.6
219,20230924,M09,P008,chair,1,92,65.0,10.96,463.0,29,38,163.9,64.9
220,20230525,M05,P006,especially,0,80,123.3,14.07,3.8,35,40,26.2,82.4
221,20210926,M07,P011,attack,1,84,35.5,8.57,72.7,22,30,233.3,93.8
222,20231107,M08,P016,plan,1,94,49.1,16.22,286.1,30,39,241.2,64.3
223,20220704,M06,P004,production,1,83,33.5,9.99,452.0,11,14,124.3,99.8
224,20231209,M06,P013,however,0,88,71.2,19.83,138.9,14,15,101.7,91.9
225,20200111,M04,P019,happen,0,99,43.2,3.26,131.1,3,5,217.1,52.6
226,20241118,M01,P012,personal,0,91,30.9,16.69,6.2,20,22,212.6,54.2
227,20220714,M04,P004,suggest,0,87,46.1,8.05,182.1,1,8,292.2,70.2
228,20200325,M09,P009,tough,1,99,100.9,16.0,336.3,40,46,105.7,67.0
229,20231023,M09,P008,group,0,86,148.5,8.79,369.6,9,18,269.8,74.4
230,20220228,M03,P017,enjoy,1,93,32.0,14.7,98.8,29,31,268.2,98.1
231,20211015,M03,P008,site,1,85,108.7,12.47,411.7,43,44,11.4,88.3
232,20210930,M06,P008,travel,0,99,85.9,2.6,159.0,29,33,236.4,89.5
233,20200221,M07,P003,buy,0,88,110.7,12.68,327.0,4,11,184.1,84.4
234,20240720,M02,P010,American,0,83,139.2,13.37,459.0,46,50,24.6,75.4
235,20240407,M02,P013,maintain,0,86,25.0,13.87,455.0,7,11,196.8,74.7
236,20231028,M09,P005,on,0,84,122.9,0.27,135.0,33,34,105.7,71.7
237,20240920,M05,P007,article,0,95,36.6,9.76,311.1,36,37,92.1,59.5
238,20200313,M01,P002,note,0,95,104.5,4.48,362.5,35,41,199.1,76.7
239,20210429,M09,P003,charge,1,84,144.3,11.78,221.1,30,34,261.5,74.5
240,20200125,M04,P004,else,0,97,129.7,3.3,402.1,31,36,22.5,95.7
241,20211019,M03,P010,indicate,0,85,36.6,7.82,198.4,26,30,49.7,74.7
242,20220915,M05,P012,production,0,84,146.9,0.7,389.0,34,35,164.0,75.9
243,20200719,M07,P003,process,1,80,45.0,9.77,182.4,49,51,32.1,87.8
244,20230101,M06,P015,large,0,89,63.4,12.57,94.7,46,50,74.5,67.5
245,20230804,M07,P015,agreement,1,93,84.5,9.37,143.5,1,5,292.1,75.5
246,20220706,M05,P004,billion,0,86,57.1,2.44,301.5,40,49,165.1,66.9
247,20200527,M09,P015,hard,0,81,57.0,16.09,15.3,9,18,242.0,62.2
248,20240917,M08,P016,wrong,0,88,43.3,16.31,303.1,43,51,160.0,85.6
249,20240110,M03,P019,personal,0,81,50.9,9.15,449.5,12,18,121.9,74.7
250,20230510,M02,P011,often,1,84,43.4,15.38,148.0,37,42,90.4,94.0
251,20200215,M06,P004,past,1,100,110.1,8.6,49.1,43,49,87.7,95.7
252,20220426,M09,P009,similar,1,99,51.7,6.54,132.6,12,18,175.1,95.2
253,20230403,M01,P014,white,0,88,117.7,14.5,373.7,10,16,64.3,54.7
254,20211217,M04,P003,job,0,100,131.6,0.91,115.1,14,21,118.7,50.6
255,20200626,M02,P008,among,0,91,104.2,10.03,347.3,8,10,56.0,84.4
256,20200310,M02,P019,investment,1,88,119.1,0.58,45.1,11,20,14.8,99.5
257,20220905,M06,P002,certain,1,86,63.0,2.43,12.1,38,47,67.1,75.4
258,20240828,M06,P015,month,1,83,145.9,18.4,378.5,36,37,173.9,65.9
259,20210504,M08,P019,expert,1,83,31.1,0.49,279.0,16,23,185.6,96.2
260,20201030,M06,P006,above,0,96,109.3,18.32,3.0,3,4,212.1,98.7
261,20220516,M01,P014,that,0,83,56.8,12.16,20.6,21,24,191.7,98.9
262,20230505,M01,P007,thank,0,100,103.6,4.3,240.7,14,23,294.1,56.3
263,20220407,M05,P013,choice,1,100,28.8,4.12,206.1,2,10,117.4,91.6
264,20200626,M06,P003,nature,1,83,73.8,17.33,96.2,3,8,10.6,87.0
265,20220319,M04,P016,send,0,100,92.2,8.29,460.7,41,43,169.0,62.3
266,20200218,M03,P019,decision,0,95,123.5,7.37,128.3,30,31,42.9,99.3
267,20240418,M02,P006,opportunity,0,97,20.7,11.01,222.2,3,10,108.6,62.5
268,20210618,M03,P019,message,1,93,142.7,11.98,280.6,41,42,203.1,64.4
269,20211127,M06,P016,speak,1,84,8.3,1.33,382.3,20,22,214.1,75.4
270,20210817,M01,P017,statement,1,88,15.0,0.47,417.5,15,22,263.4,77.7
271,20240716,M08,P013,trip,1,97,15.7,12.96,350.1,29,36,241.0,75.2
272,20220605,M05,P004,test,0,92,23.9,19.1,113.8,33,41,142.8,52.3
273,20241203,M06,P019,tend,0,94,80.0,9.13,294.1,35,36,53.0,55.5
274,20200408,M09,P016,audience,0,97,145.6,4.36,217.1,16,21,179.9,92.2
275,20230909,M06,P007,apply,0,84,77.4,8.5,239.3,4,5,175.4,67.5
276,20230926,M07,P013,sing,0,84,107.9,3.55,68.6,37,43,265.2,63.0
277,20220702,M09,P019,last,0,80,7.4,18.72,470.7,47,52,140.3,73.5
278,20200101,M07,P019,significant,0,99,81.9,0.8,204.3,25,27,116.0,82.3
279,20230913,M05,P008,administration,1,93,144.3,7.48,294.2,42,47,173.5,96.9
280,20230226,M05,P008,great,1,96,120.2,3.25,309.6,24,31,101.1,86.6
281,20240126,M08,P011,number,1,90,51.4,17.65,372.9,36,37,182.9,57.7
282,20220419,M07,P017,bit,1,96,90.1,0.36,397.6,33,42,128.1,96.4
283,20240720,M09,P009,year,0,94,147.0,11.59,72.3,32,35,218.7,89.4
284,20210223,M08,P019,meet,1,92,42.2,18.98,116.7,23,24,13.7,56.7
285,20240301,M01,P005,identify,1,87,93.1,15.79,203.5,3,8,144.8,72.1
286,20241130,M02,P003,glass,1,82,41.5,15.48,163.2,49,55,98.3,71.4
287,20241110,M04,P018,range,0,89,60.4,12.79,115.4,46,48,76.7,69.1
288,20221029,M07,P005,although,0,98,10.1,8.1,495.6,16,17,273.5,81.5
289,20231114,M07,P018,big,0,97,84.8,19.04,403.9,27,31,67.6,94.8
290,20201221,M05,P019,thank,0,87,94.3,19.98,205.7,22,31,27.1,73.2
291,20220720,M01,P004,situation,1,92,122.5,17.49,122.1,15,21,40.3,71.8
292,20201210,M09,P002,environment,1,85,78.0,2.23,178.3,28,32,65.5,69.3
293,20220916,M07,P002,teach,1,90,22.1,0.5,79.4,28,29,42.1,79.7
294,20210921,M05,P011,Republican,1,99,27.5,4.56,409.3,49,52,103.8,68.2
295,20210708,M09,P019,religious,1,85,70.6,10.54,318.2,43,51,38.9,74.5
296,20220112,M06,P015,some,0,84,3.7,12.74,384.2,4,8,92.0,90.0
297,20210529,M03,P011,let,0,95,4.7,6.89,78.4,41,46,221.6,74.2
298,20240818,M07,P009,place,1,88,103.3,4.71,58.0,7,9,285.7,64.9
299,20230813,M01,P002,son,1,88,19.5,7.98,73.5,4,9,256.4,66.9
300,20210808,M05,P012,research,0,89,19.8,11.92,135.5,39,40,66.8,99.8
301,20240708,M07,P010,success,0,95,57.7,9.81,306.4,28,33,136.6,50.1
302,20200209,M08,P018,cultural,1,96,24.3,11.52,167.1,19,22,19.3,70.5
303,20210809,M04,P014,prepare,1,85,9.3,10.31,143.7,43,51,110.9,85.1
304,20200205,M06,P013,daughter,0,95,78.3,1.29,154.1,28,33,158.7,82.3
305,20230130,M07,P004,civil,0,82,95.5,14.73,24.4,48,54,193.9,88.8
306,20200525,M02,P014,responsibility,1,87,58.6,8.43,166.2,33,35,37.5,54.8
307,20210305,M05,P003,across,1,98,48.9,5.96,424.7,44,48,33.0,96.5
308,20210708,M03,P007,bed,0,92,124.4,6.25,349.8,36,43,270.9,57.6
309,20231014,M02,P012,explain,0,83,111.7,11.38,343.7,20,23,291.7,54.5
310,20240711,M02,P004,issue,0,94,139.7,13.89,201.8,24,32,46.7,71.1
311,20241116,M06,P001,would,0,91,98.7,12.14,251.3,14,16,195.6,83.7
312,20240610,M05,P008,artist,0,89,3.4,2.01,50.0,20,25,86.5,70.2
313,20210125,M03,P014,direction,1,84,42.5,9.9,465.8,31,38,105.7,68.5
314,20200918,M05,P007,water,1,97,93.1,14.63,202.5,12,13,33.7,72.4
315,20240312,M03,P005,door,0,98,90.6,6.49,130.9,43,48,282.4,84.2
316,20230402,M02,P014,side,1,87,63.3,17.67,333.6,37,40,10.4,83.9
317,20210317,M07,P010,time,0,94,142.9,18.15,320.2,41,46,217.3,52.2
318,20240207,M01,P002,season,1,83,8.4,4.85,62.2,1,10,36.5,74.7
319,20211224,M03,P018,lose,1,84,129.5,0.9,303.9,36,42,155.5,62.8
320,20201009,M01,P010,miss,1,82,33.3,17.56,31.4,47,50,266.8,88.8
321,20230220,M06,P006,white,1,80,82.5,16.31,496.4,22,30,24.4,56.2
322,20200517,M03,P001,season,1,99,129.2,6.08,446.6,36,45,30.0,83.7
323,20240611,M09,P017,left,1,87,1.9,7.12,275.5,46,51,246.4,87.4
324,20200614,M05,P017,music,0,96,83.8,16.98,8.0,18,22,118.4,71.0
325,20200108,M03,P017,form,0,98,27.8,3.0,233.3,37,38,147.8,94.3
326,20230417,M04,P002,boy,1,92,149.6,8.59,271.1,47,49,223.8,94.8
327,20220104,M06,P007,from,1,86,52.4,3.36,410.0,29,35,294.3,95.3
328,20220519,M08,P013,security,0,93,121.1,2.37,334.6,20,24,272.5,69.0
329,20241214,M08,P003,decade,1,100,85.1,18.08,406.0,31,35,157.1,74.4
330,20240605,M02,P007,product,1,93,5.7,5.81,457.5,29,33,237.2,76.8
331,20231002,M02,P006,director,1,81,13.8,8.01,56.0,3,10,250.1,75.1
332,20241103,M03,P019,stock,1,88,88.3,3.08,191.1,28,31,64.6,61.5
333,20210105,M08,P002,child,1,95,143.4,10.42,213.9,17,22,23.4,68.2
334,20240331,M04,P008,offer,0,84,6.2,19.21,68.0,21,29,12.8,96.9
335,20201020,M08,P017,play,0,82,127.7,2.77,443.0,45,51,119.8,72.3
336,20210803,M02,P003,well,1,95,95.5,14.83,103.2,31,37,180.7,77.1
337,20220127,M09,P017,range,0,97,143.5,0.04,216.1,1,4,36.8,68.3
338,20200726,M01,P018,major,1,98,29.6,8.04,417.6,40,44,25.7,73.8
339,20210329,M03,P001,former,0,91,100.9,15.65,38.2,37,42,65.4,70.4
340,20230412,M07,P013,go,1,83,91.8,18.22,109.4,41,45,260.6,78.0
341,20200308,M02,P012,must,1,86,7.9,17.98,48.6,23,31,31.1,74.4
342,20200528,M02,P015,hair,1,87,149.7,1.05,379.6,24,27,171.5,86.5
343,20201023,M09,P002,player,0,90,4.7,17.18,408.4,30,38,214.4,66.6
344,20230904,M08,P010,really,0,89,81.7,18.73,339.0,12,19,234.8,76.2
345,20220902,M06,P005,pay,0,88,30.3,12.1,300.9,47,48,20.6,94.6
346,20220528,M02,P008,forget,0,86,14.5,10.63,261.6,22,31,10.3,84.7
347,20220620,M03,P002,laugh,1,80,54.3,18.47,226.9,3,9,293.4,78.9
348,20240511,M05,P012,unit,0,95,45.2,7.95,80.2,9,11,10.1,71.5
349,20210813,M05,P015,suggest,1,81,74.5,4.38,143.3,9,18,86.9,82.0
350,20240824,M02,P016,late,1,92,127.6,17.19,21.9,17,22,14.7,52.1
351,20240413,M04,P009,voice,1,95,70.5,18.97,47.5,2,4,106.9,84.3
352,20210903,M04,P012,both,1,88,57.8,15.43,422.7,17,21,183.0,81.4
353,20211027,M03,P016,lay,0,97,122.1,6.1,336.6,6,8,34.6,82.2
354,20241206,M09,P015,time,1,82,127.7,19.15,408.5,42,48,245.6,99.7
355,20230423,M06,P012,town,1,87,33.5,2.27,360.5,49,58,108.3,76.0
356,20230901,M08,P013,travel,1,93,130.5,6.21,157.2,31,35,184.9,99.8
357,20200105,M06,P011,eight,1,92,27.2,5.29,454.5,29,31,117.9,67.0
358,20230914,M07,P006,per,1,93,73.4,17.47,50.0,34,42,182.5,99.4
359,20230428,M04,P002,report,0,80,133.6,16.63,419.4,0,1,169.5,86.4
360,20230406,M09,P019,sister,1,83,67.7,8.79,439.3,15,21,24.8,70.6
361,20241216,M03,P011,security,0,93,42.9,12.19,96.3,10,13,137.1,51.0
362,20240322,M01,P018,really,0,89,24.7,11.38,494.4,17,22,178.2,59.9
363,20210511,M09,P010,view,0,84,55.4,15.28,485.0,14,19,196.9,70.3
364,20220921,M03,P001,along,0,97,14.1,19.26,269.1,4,6,270.8,92.0
365,20201017,M04,P012,develop,1,81,57.0,16.92,301.7,32,39,163.5,57.5
366,20221211,M03,P006,whole,1,99,33.0,12.42,367.0,43,52,131.7,81.0
367,20220324,M01,P007,throughout,1,94,11.8,1.73,342.9,41,45,31.8,71.9
368,20240205,M03,P007,mission,1,96,4.4,12.96,348.8,10,18,73.7,89.1
369,20210126,M08,P006,form,1,96,78.1,4.96,98.6,45,50,75.3,67.9
370,20220407,M04,P014,low,1,86,148.5,6.05,154.9,15,24,53.2,74.4
371,20210922,M08,P003,buy,0,83,52.3,17.69,226.0,16,24,52.8,60.1
372,20240614,M08,P018,east,1,80,84.3,12.02,152.4,2,6,87.2,62.6
373,20200613,M08,P001,alone,0,99,17.5,12.65,196.4,9,11,291.0,87.4
374,20210302,M09,P016,democratic,1,97,103.2,3.23,109.0,44,46,270.6,97.9
375,20230630,M01,P013,oil,0,81,100.1,5.57,130.2,28,35,279.0,53.4
376,20231012,M02,P016,significant,0,96,42.5,15.51,162.9,35,37,44.2,77.6
377,20230507,M07,P002,top,1,97,10.9,14.16,92.6,0,7,149.0,52.3
378,20221102,M03,P004,what,1,93,17.8,9.9,399.1,42,44,291.4,95.8
379,20240228,M07,P010,cost,0,87,89.2,6.63,105.2,4,9,181.8,77.7
380,20220218,M09,P013,surface,0,90,51.4,19.75,494.4,13,21,124.3,75.1
381,20210930,M05,P017,discuss,1,91,43.7,3.2,218.1,44,49,81.2,72.0
382,20210215,M08,P017,put,0,94,14.5,5.88,396.3,7,9,53.2,66.9
383,20231128,M05,P019,story,1,95,123.9,9.11,215.5,31,39,21.4,51.7
384,20210508,M01,P010,home,1,97,38.0,7.64,97.3,2,7,43.1,52.1
385,20230730,M07,P016,record,1,89,145.3,17.75,499.1,20,24,157.8,63.1
386,20240603,M09,P012,season,0,92,8.1,15.73,75.9,49,53,211.0,88.0
387,20221125,M08,P016,how,1,90,119.6,2.81,168.7,43,47,44.6,58.4
388,20230828,M01,P014,involve,0,90,7.6,3.51,399.4,7,8,24.9,59.9
389,20230717,M06,P011,style,0,87,45.4,11.08,262.5,8,14,107.0,59.8
390,20230115,M01,P007,Democrat,0,89,139.5,8.47,71.8,18,23,273.3,72.0
391,20210611,M05,P015,already,1,99,59.4,3.95,160.2,24,27,204.0,65.7
392,20201031,M03,P018,skin,0,88,48.5,0.38,127.9,4,8,107.9,95.6
393,20231220,M05,P012,never,0,95,129.0,12.66,83.1,28,33,208.2,65.3
394,20211011,M05,P006,glass,0,91,85.2,14.11,455.7,2,4,283.9,84.7
395,20231229,M09,P017,how,0,86,2.5,4.83,342.0,47,55,128.3,68.8
396,20240310,M02,P007,this,1,96,121.6,4.1,27.1,11,20,244.5,55.6
397,20220727,M02,P007,number,0,93,91.1,7.99,394.0,23,30,206.6,75.6
398,20231227,M09,P015,very,0,83,83.3,2.88,491.5,45,47,274.8,73.7
399,20200212,M09,P013,total,0,97,120.1,15.76,31.2,36,37,152.2,52.8
400,20240613,M07,P018,each,1,85,126.9,12.74,394.5,28,33,91.1,81.1
401,20241107,M03,P019,public,1,94,71.8,17.96,494.3,7,16,117.9,77.8
402,20221229,M05,P019,speech,1,92,89.7,19.13,183.3,0,9,207.4,51.3
403,20240817,M03,P003,grow,0,94,129.4,6.94,30.9,20,29,254.4,98.6
404,20210114,M04,P002,paper,0,93,6.3,18.6,63.4,25,34,96.2,72.9
405,20200222,M05,P017,herself,1,81,0.2,2.95,10.0,10,13,88.2,53.4
406,20210310,M02,P005,fall,0,85,30.2,7.11,164.5,43,45,276.3,83.7
407,20240731,M02,P009,be,0,89,110.9,12.43,98.9,21,26,206.4,69.1
408,20240704,M04,P013,drug,1,84,86.3,1.72,362.2,22,25,125.5,68.0
409,20240715,M04,P009,media,0,95,57.2,3.91,347.1,26,28,289.5,93.5
410,20241219,M01,P009,American,0,94,66.8,17.13,92.8,25,29,208.3,75.1
411,20211112,M02,P006,fly,0,100,78.8,9.67,480.1,4,13,188.4,51.2
412,20210523,M09,P013,sure,0,97,111.9,0.2,380.7,22,26,140.6,79.1
413,20231217,M04,P015,election,0,86,49.1,18.5,496.2,33,38,59.7,66.2
414,20230615,M07,P004,suggest,1,99,58.7,17.93,212.7,16,22,287.6,69.0
415,20211026,M02,P010,PM,1,99,96.5,15.85,301.2,16,20,20.4,71.4
416,20210511,M09,P001,choice,1,97,85.1,19.51,335.2,22,26,285.0,98.4
417,20210511,M02,P007,lot,1,90,100.5,6.16,339.3,11,13,31.7,90.7
418,20240818,M08,P012,who,1,82,31.3,9.4,309.2,9,18,39.0,92.7
419,20240725,M09,P017,success,0,94,37.2,1.27,98.8,35,38,44.7,78.1
420,20241212,M01,P007,include,0,80,74.0,13.23,138.4,49,55,215.8,99.6
421,20240115,M05,P013,cause,0,80,62.7,2.15,331.3,11,18,242.4,92.3
422,20220407,M01,P007,force,1,88,68.0,9.84,417.8,12,14,109.5,53.8
423,20231217,M02,P005,order,1,87,128.9,0.25,252.6,28,36,93.8,75.1
424,20210826,M02,P011,change,1,99,84.8,4.17,129.9,1,4,83.8,92.9
425,20200721,M05,P004,college,0,97,20.7,8.07,72.1,24,30,270.0,73.4
426,20210502,M07,P010,site,0,84,98.1,7.46,105.3,28,36,197.5,55.2
427,20221114,M05,P012,red,0,80,52.1,3.71,129.0,41,42,63.5,71.4
428,20210602,M01,P012,laugh,1,98,72.9,8.17,339.3,17,25,118.0,53.1
429,20230709,M02,P012,lawyer,0,80,137.7,4.01,284.1,41,49,237.8,58.5
430,20230607,M09,P016,herself,1,83,37.1,16.98,20.7,1,3,130.5,78.4
431,20230305,M08,P006,bar,1,93,5.4,11.0,360.2,49,52,20.3,86.4
432,20200907,M04,P018,though,1,88,69.1,11.68,473.0,39,46,68.1,86.1
433,20241123,M08,P005,eight,1,99,20.0,16.61,73.6,31,39,135.4,99.5
434,20210110,M09,P009,attention,1,98,2.2,16.75,82.1,47,51,78.2,77.2
435,20220519,M06,P001,language,1,82,134.3,4.82,407.1,0,7,46.1,62.6
436,20211013,M07,P003,several,1,91,67.6,15.0,316.1,39,45,173.5,98.3
437,20230702,M05,P002,scene,0,84,142.5,3.98,138.9,15,21,44.3,96.2
438,20231206,M02,P008,tend,0,88,109.4,0.21,211.4,35,40,10.4,96.9
439,20210905,M08,P018,seem,0,99,90.1,7.29,107.4,15,18,69.6,87.0
440,20230820,M03,P010,certainly,0,85,50.8,8.95,258.9,29,35,104.7,73.1
441,20220505,M09,P002,during,1,95,102.2,8.14,490.1,49,50,137.6,97.5
442,20231023,M02,P009,some,0,83,2.7,17.48,226.7,1,3,184.6,58.3
443,20241205,M05,P018,box,0,92,117.0,6.24,38.1,2,7,282.2,86.6
444,20221126,M01,P009,wish,1,80,54.9,11.17,4.3,23,30,263.7,99.6
445,20241015,M09,P015,mother,1,98,25.1,1.82,104.8,32,39,138.5,83.9
446,20211206,M04,P003,performance,1,93,70.8,11.86,97.7,2,4,68.6,99.3
447,20201029,M05,P019,stuff,0,82,64.0,6.82,319.1,15,24,250.9,74.7
448,20211016,M04,P018,major,0,97,117.4,5.95,469.7,33,35,167.8,98.6
449,20240915,M05,P007,bar,1,88,144.0,10.87,74.2,17,24,180.2,92.6
450,20200416,M02,P005,office,0,81,52.6,1.98,241.3,16,25,211.6,70.6
451,20230202,M06,P013,network,0,85,114.1,17.49,121.8,17,20,29.1,68.9
452,20210316,M01,P014,great,1,83,139.8,11.84,146.5,31,35,164.2,92.2
453,20200918,M04,P004,per,0,93,23.8,6.99,77.4,32,34,293.6,95.5
454,20220708,M04,P012,store,1,84,93.2,17.25,150.3,8,12,272.7,73.8
455,20201225,M07,P001,position,0,100,100.6,0.86,417.0,20,28,68.8,93.3
456,20230814,M08,P011,no,0,84,55.6,8.3,73.8,36,37,187.9,78.9
457,20240529,M04,P005,professor,0,82,18.8,6.75,293.0,22,23,130.9,69.5
458,20220118,M05,P017,student,0,100,32.3,15.26,317.0,12,18,72.7,61.0
459,20220716,M06,P016,blood,1,91,4.7,5.46,253.6,5,13,212.1,89.6
460,20201120,M06,P014,since,0,95,56.7,9.01,233.0,28,34,293.4,100.0
461,20210805,M07,P001,sort,0,85,39.8,8.55,206.1,7,9,86.5,64.2
462,20220607,M03,P018,method,0,90,47.2,9.25,212.7,29,36,147.9,60.9
463,20230708,M03,P011,point,1,90,91.5,16.61,319.6,21,25,276.0,75.0
464,20240128,M07,P004,view,0,100,143.5,16.71,221.0,37,39,262.5,80.9
465,20210407,M05,P012,place,0,87,135.4,15.16,205.8,32,37,145.5,75.6
466,20220610,M04,P007,between,1,86,77.1,3.82,278.4,0,4,163.9,60.2
467,20210216,M08,P011,successful,0,93,126.1,7.44,389.0,10,14,129.0,58.4
468,20220601,M06,P014,peace,1,84,63.9,9.32,484.8,13,14,18.6,55.8
469,20231230,M03,P003,plan,1,96,93.6,9.86,234.2,9,16,297.5,80.1
470,20240313,M08,P016,officer,0,89,32.1,16.87,237.0,13,20,238.9,91.3
471,20230313,M02,P014,big,0,86,45.1,5.54,461.6,42,49,241.4,91.9
472,20220315,M05,P017,front,1,81,94.0,2.72,32.7,9,14,217.6,55.2
473,20231210,M09,P008,age,0,90,103.7,4.95,492.5,18,27,101.2,77.0
474,20200718,M06,P011,must,1,99,76.3,10.51,329.0,6,12,141.0,81.5
475,20220602,M02,P017,else,1,93,87.6,12.28,46.7,35,44,233.2,81.5
476,20240311,M02,P018,teacher,0,81,116.3,7.55,360.4,36,45,99.1,84.0
477,20230407,M03,P001,include,1,99,137.2,0.09,451.6,8,9,103.5,92.4
478,20230319,M07,P014,thus,1,82,81.3,8.35,328.3,5,7,14.3,61.9
479,20231027,M08,P013,participant,0,86,110.0,1.96,45.4,11,13,137.0,53.9
480,20230517,M09,P015,catch,1,95,122.8,1.02,110.4,36,45,29.3,50.0
481,20211209,M03,P001,high,0,95,137.5,6.88,293.6,27,35,150.9,71.3
482,20231202,M03,P018,country,0,85,45.9,16.25,135.8,42,46,100.6,97.5
483,20210314,M02,P011,two,1,91,53.3,7.75,349.6,20,26,16.1,72.8
484,20240307,M09,P015,brother,1,95,105.1,19.84,395.5,46,51,187.9,76.0
485,20220110,M06,P007,bank,1,83,86.0,3.34,308.6,22,29,35.8,63.8
486,20221026,M05,P009,store,0,80,41.1,0.84,488.5,39,44,20.9,61.9
487,20230215,M06,P011,say,1,89,138.2,10.12,427.7,11,20,59.6,91.9
488,20220307,M09,P014,man,0,99,85.0,2.14,57.5,21,25,127.7,88.5
489,20230713,M01,P002,where,1,93,85.4,8.47,372.1,45,52,54.9,98.8
490,20220217,M09,P004,network,1,89,117.5,9.31,74.2,21,22,23.9,52.9
491,20210922,M01,P014,place,1,91,29.4,6.83,309.8,42,46,14.6,55.4
492,20210109,M04,P003,positive,1,86,90.9,3.55,365.7,32,37,198.9,70.1
493,20240705,M05,P017,information,0,98,136.6,11.62,421.7,9,17,99.5,79.5
494,20201106,M06,P011,environment,1,80,65.6,17.72,154.0,29,30,51.0,87.5
495,20201219,M02,P019,man,1,95,7.5,7.95,127.7,30,35,170.5,56.5
496,20210906,M04,P018,sea,0,90,69.4,9.01,310.0,28,31,214.3,98.9
497,20230221,M09,P008,notice,1,88,19.0,4.69,30.0,12,14,267.7,93.4
498,20210405,M02,P004,cell,0,91,95.5,2.57,285.4,30,32,81.6,78.4
499,20200111,M04,P007,garden,0,98,113.3,1.25,467.8,5,8,291.6,94.5
500,20210304,M01,P009,heart,0,93,99.6,3.94,22.4,24,25,230.7,64.2
501,20220704,M03,P001,scientist,0,91,111.9,6.83,463.0,10,17,220.7,89.3
502,20240915,M06,P001,why,1,97,57.4,18.76,453.8,3,12,281.3,84.0
503,20220822,M05,P004,long,1,90,110.1,4.23,332.1,19,24,240.9,64.4
504,20240501,M02,P012,avoid,1,86,21.1,14.56,163.0,16,24,183.2,54.2
505,20200920,M01,P008,lawyer,1,100,68.7,16.46,349.0,49,58,266.1,81.5
506,20220729,M09,P011,safe,0,97,112.7,3.28,360.7,13,22,194.0,76.6
507,20221124,M03,P015,whose,0,81,55.8,19.8,297.3,25,27,49.5,87.2
508,20200603,M03,P016,head,1,100,72.7,12.64,455.4,7,8,116.6,65.8
509,20201201,M06,P013,once,1,96,104.8,15.27,20.2,3,11,83.2,62.4
510,20201029,M01,P019,argue,0,92,13.9,9.82,321.1,21,22,187.5,75.2
511,20210105,M03,P001,according,0,100,20.9,6.05,307.3,48,49,151.7,51.8
512,20200208,M08,P004,build,0,92,82.6,12.66,76.2,21,29,227.4,90.1
513,20221228,M09,P012,lose,1,80,68.9,1.75,367.5,48,50,141.6,99.4
514,20210125,M07,P017,scientist,0,82,133.7,18.06,302.8,49,51,257.6,81.3
515,20210224,M03,P006,help,0,93,118.1,0.83,173.0,49,53,202.6,62.0
516,20220825,M05,P004,reach,0,96,141.0,13.0,213.9,6,8,175.5,60.3
517,20210124,M02,P018,music,1,98,144.7,18.04,239.0,1,9,98.6,72.3
518,20210607,M01,P010,why,0,89,89.3,1.45,341.4,15,20,273.5,89.4
519,20240311,M04,P019,expect,0,90,105.0,5.95,81.4,34,36,184.6,68.8
520,20230331,M08,P008,mind,0,97,133.4,7.48,241.2,49,56,43.1,79.7
521,20240531,M04,P018,energy,0,86,105.8,10.84,139.1,20,25,13.6,90.2
522,20241203,M08,P013,call,0,80,90.6,18.19,54.4,15,16,237.1,71.8
523,20220226,M03,P019,write,1,96,24.0,3.78,150.1,32,35,24.3,54.6
524,20220704,M09,P011,society,0,83,50.8,2.42,103.6,34,39,107.2,55.7
525,20200930,M09,P015,it,0,96,31.5,11.16,84.8,14,17,297.1,99.8
526,20241219,M05,P005,church,1,96,0.7,1.9,39.9,3,10,161.6,73.2
527,20210614,M04,P005,white,0,83,92.5,18.08,423.8,24,26,49.8,55.4
528,20221012,M04,P013,experience,1,83,146.3,17.34,169.7,1,10,28.3,63.4
529,20220725,M05,P014,customer,1,100,31.5,11.47,278.6,36,42,159.9,71.9
530,20210521,M08,P002,process,1,80,80.5,8.64,443.4,37,38,248.5,87.3
531,20230128,M02,P009,spend,0,89,5.4,13.96,34.6,44,52,248.7,98.3
532,20200819,M05,P001,past,1,83,80.7,0.27,35.5,33,39,145.5,70.6
533,20201118,M08,P013,growth,1,85,81.8,0.35,116.5,4,7,178.7,99.2
534,20221103,M03,P012,question,1,98,11.4,2.54,64.8,24,33,214.7,66.2
535,20221118,M02,P012,because,0,84,136.3,6.54,88.1,42,48,192.8,96.4
536,20240508,M02,P013,child,1,89,47.5,16.01,392.9,29,33,242.9,94.5
537,20240823,M09,P019,order,0,80,29.6,2.09,223.3,47,52,156.3,98.9
538,20200517,M05,P013,each,1,86,19.5,15.56,173.4,47,50,215.7,77.0
539,20210516,M09,P006,front,0,92,96.9,3.3,346.1,38,47,42.8,75.7
540,20211110,M06,P010,coach,1,82,97.8,8.37,74.3,2,10,198.9,85.0
541,20220224,M04,P005,example,1,81,27.8,2.32,146.9,8,17,192.0,80.3
542,20220407,M06,P011,everything,1,84,96.1,10.9,290.0,49,55,109.6,74.5
543,20230315,M06,P002,concern,0,94,64.8,1.8,256.6,20,26,69.5,83.4
544,20200302,M03,P013,every,1,93,18.1,5.71,134.3,3,5,84.1,68.1
545,20220610,M01,P013,appear,1,82,0.4,0.79,78.3,43,51,235.0,52.4
546,20200303,M06,P008,guess,1,98,48.0,16.93,425.7,0,8,53.8,62.6
547,20211207,M01,P002,go,1,88,56.3,5.33,20.3,12,20,205.3,93.6
548,20210124,M03,P012,itself,0,95,64.4,17.76,46.5,49,55,179.8,68.6
549,20231023,M04,P016,concern,1,83,127.9,2.65,366.5,21,23,178.9,71.7
550,20230627,M05,P005,inside,1,95,52.9,17.46,252.2,14,18,231.6,79.2
551,20220429,M08,P011,leader,0,86,93.8,13.9,379.6,27,34,233.0,72.7
552,20231031,M03,P006,during,1,86,23.4,6.65,209.2,46,47,282.6,57.0
553,20210701,M08,P001,improve,0,100,118.5,1.17,171.0,44,53,47.9,55.1
554,20240515,M03,P003,nearly,0,84,33.3,14.72,201.5,4,9,283.8,63.9
555,20240204,M07,P017,each,0,96,14.2,0.88,64.1,7,9,237.6,56.3
556,20230127,M08,P018,coach,1,86,19.5,13.38,305.7,20,22,298.9,95.9
557,20220125,M01,P014,also,0,99,139.6,19.07,137.7,4,12,236.2,52.8
558,20211121,M03,P003,last,1,95,19.9,1.12,285.0,15,21,140.0,65.9
559,20241204,M09,P005,not,1,99,68.8,0.38,481.6,29,33,95.3,61.6
560,20231103,M07,P014,model,1,88,27.6,15.97,92.7,3,12,150.4,95.8
561,20240601,M05,P018,skin,0,98,5.1,6.31,441.1,34,35,206.3,92.4
562,20241009,M05,P001,record,0,98,128.7,6.67,236.7,31,39,216.9,83.6
563,20210507,M03,P001,phone,0,89,101.8,13.19,460.8,47,51,150.8,61.0
564,20220911,M09,P008,respond,0,82,147.0,19.37,256.2,2,4,181.6,90.1
565,20210406,M01,P011,arm,0,89,109.8,10.98,279.2,33,40,290.9,75.8
566,20220303,M07,P008,others,1,83,46.1,0.76,127.9,43,51,37.2,97.8
567,20240909,M03,P017,miss,1,96,0.7,8.53,350.0,21,28,134.1,86.3
568,20220727,M09,P015,face,1,91,130.7,14.46,98.6,49,57,125.5,89.2
569,20210808,M07,P017,Mr,0,89,111.4,11.38,275.2,25,32,210.4,92.8
570,20220119,M07,P001,type,1,82,20.6,15.02,268.4,44,48,76.3,70.0
571,20200622,M04,P002,executive,1,94,125.1,6.2,183.4,34,38,175.4,71.1
572,20240626,M01,P016,factor,0,82,102.8,4.14,190.8,44,50,135.3,73.9
573,20201229,M04,P004,though,1,88,34.1,9.16,31.0,34,38,138.8,66.8
574,20220331,M08,P014,general,1,92,79.7,10.93,27.3,3,9,12.7,94.3
575,20240529,M06,P007,order,0,86,95.8,1.94,447.0,16,21,174.6,93.5
576,20201203,M02,P012,research,1,100,139.5,14.17,189.2,11,14,154.6,71.5
577,20220406,M09,P006,morning,0,96,87.2,19.22,164.3,27,35,181.0,76.2
578,20241227,M02,P003,number,0,99,28.8,16.27,373.0,20,28,247.6,95.3
579,20220520,M03,P003,stay,1,94,128.5,8.01,371.7,36,45,196.0,63.3
580,20230114,M01,P010,else,1,80,116.7,19.26,354.4,42,51,143.2,71.5
581,20241214,M05,P008,away,1,94,137.8,1.78,222.2,31,33,25.6,50.6
582,20210708,M04,P004,little,1,99,23.0,8.92,340.5,21,26,147.7,81.2
583,20201104,M04,P009,large,1,93,102.0,14.44,85.2,6,14,45.5,63.3
584,20210821,M01,P010,attack,0,99,118.3,9.16,299.9,41,44,186.2,89.7
585,20220815,M09,P019,nice,1,96,112.5,10.29,230.2,22,23,249.1,53.7
586,20211123,M09,P012,just,0,99,10.5,6.41,297.1,19,27,193.8,87.6
587,20210209,M08,P001,coach,0,96,38.2,4.4,284.5,2,4,294.6,84.7
588,20211213,M04,P001,mouth,1,87,63.6,10.1,10.7,20,26,218.8,80.2
589,20230717,M07,P006,spring,0,87,74.1,17.96,159.5,39,44,74.5,75.3
590,20230209,M04,P018,catch,0,93,136.9,5.05,362.8,4,11,29.4,74.7
591,20210620,M06,P012,use,1,83,65.9,11.17,291.0,29,37,76.9,98.7
592,20241030,M03,P008,help,0,99,118.1,13.13,217.2,5,11,253.7,59.5
593,20240202,M06,P018,rather,0,98,75.3,6.48,283.6,43,45,215.8,85.1
594,20240722,M05,P009,care,0,80,5.7,15.22,80.5,13,16,193.9,50.8
595,20200525,M07,P014,too,0,85,136.6,15.78,478.5,26,29,58.7,69.9
596,20230225,M07,P001,baby,0,97,131.9,8.37,323.1,38,39,252.5,88.4
597,20210326,M03,P019,senior,0,82,96.2,18.9,23.1,47,55,35.5,64.4
598,20210125,M05,P003,trade,0,92,135.1,13.01,219.4,47,51,65.8,76.9
599,20210924,M03,P007,eat,0,90,46.0,0.18,26.2,9,10,106.1,76.6
600,20231022,M08,P008,report,1,86,47.2,9.46,206.8,9,17,53.4,86.2
601,20200329,M05,P005,catch,0,85,118.4,5.46,499.3,48,54,118.0,61.7
602,20210111,M01,P019,fill,0,93,118.8,14.08,166.8,9,17,29.0,54.2
603,20220726,M03,P015,candidate,1,80,144.5,11.26,294.8,21,22,201.2,54.8
604,20210618,M04,P006,include,1,81,136.8,3.88,298.1,19,26,151.1,89.9
605,20231205,M02,P005,sea,0,81,146.7,14.14,480.8,39,42,39.2,52.6
606,20240823,M03,P009,time,1,94,90.3,13.05,221.1,16,19,170.2,93.7
607,20241030,M04,P018,agree,1,85,24.5,2.42,112.6,9,10,26.3,57.7
608,20200702,M05,P006,former,0,97,12.2,13.62,194.6,39,40,168.3,63.9
609,20240412,M09,P011,great,0,87,123.9,15.7,124.9,4,11,188.0,71.0
610,20240308,M08,P012,listen,0,98,33.2,0.88,350.5,49,56,153.3,84.1
611,20240712,M07,P008,sort,1,94,52.2,3.36,184.5,17,19,243.4,62.3
612,20200214,M03,P003,threat,1,84,139.3,13.54,423.4,47,53,254.2,59.1
613,20210207,M03,P016,that,1,82,119.5,13.32,497.2,44,46,11.5,73.3
614,20220323,M09,P015,more,1,98,120.1,10.1,211.6,8,9,250.5,75.0
615,20200425,M02,P008,him,0,89,102.4,19.37,482.5,1,10,96.3,75.3
616,20210411,M09,P007,give,1,92,41.8,14.38,386.1,1,5,21.4,93.2
617,20200626,M07,P019,source,0,86,38.1,18.49,7.0,24,32,113.4,50.6
618,20200321,M08,P019,both,0,97,149.7,1.01,124.2,28,30,116.8,73.6
619,20240922,M07,P014,itself,0,97,135.8,12.07,273.0,28,31,273.4,63.7
620,20200523,M03,P011,eye,0,91,3.2,18.86,2.5,2,11,170.3,76.8
621,20240526,M07,P016,growth,0,83,69.3,11.77,66.9,29,34,281.1,82.0
622,20210906,M07,P016,board,0,94,149.8,4.33,81.5,19,23,197.3,50.8
623,20230617,M01,P002,training,0,89,127.4,18.57,111.5,0,2,151.7,89.3
624,20200624,M02,P014,ten,0,98,84.0,19.66,125.8,18,20,13.8,81.4
625,20221221,M08,P010,environmental,1,87,106.4,10.56,281.3,45,53,182.1,52.6
626,20210618,M04,P013,investment,1,83,109.2,0.67,360.2,11,19,120.4,68.4
627,20210204,M07,P017,bar,0,91,108.6,10.46,318.8,29,36,255.4,83.8
628,20241003,M04,P006,audience,1,85,68.8,5.27,309.6,40,41,221.1,69.3
629,20210222,M03,P006,lose,1,93,66.4,4.99,72.2,45,53,125.6,85.0
630,20240928,M02,P004,offer,0,96,57.4,3.86,438.8,32,40,158.7,57.1
631,20230710,M07,P012,his,0,80,97.7,16.76,123.3,42,47,68.8,53.5
632,20210518,M01,P004,form,0,80,133.2,10.05,21.9,25,30,246.9,80.2
633,20231020,M06,P010,sport,1,85,89.5,5.98,472.0,26,28,53.4,83.3
634,20230205,M02,P005,effect,1,94,78.4,1.6,351.1,8,12,204.8,92.0
635,20210315,M05,P018,administration,1,89,44.7,15.72,155.4,20,29,32.1,61.4
636,20230918,M03,P017,care,1,83,84.2,12.72,154.0,28,36,263.6,61.8
637,20221004,M08,P002,positive,0,93,47.4,14.56,94.9,30,37,111.4,88.3
638,20240425,M05,P018,painting,0,95,100.8,4.24,306.0,3,4,46.8,83.5
639,20240305,M08,P015,player,1,88,1.5,12.72,109.3,18,25,201.9,97.4
640,20200318,M09,P016,pass,1,99,70.4,15.05,153.8,9,10,35.7,61.6
641,20240519,M05,P013,per,0,80,70.4,12.7,6.5,31,32,76.1,65.6
642,20220324,M06,P007,director,1,99,101.8,1.31,344.5,31,34,76.8,55.6
643,20200430,M08,P014,bit,1,85,105.1,19.78,92.6,8,12,26.4,55.4
644,20211128,M04,P018,building,0,95,83.5,1.27,32.8,47,56,131.7,82.7
645,20220812,M06,P001,environmental,1,84,78.8,9.72,17.1,0,3,123.2,54.8
646,20240228,M06,P005,within,0,86,104.6,6.45,378.3,23,31,194.2,68.0
647,20210909,M05,P006,back,1,80,125.0,17.25,455.2,20,29,291.1,70.9
648,20221102,M05,P013,project,0,85,109.5,13.26,298.2,30,32,197.3,53.7
649,20240307,M06,P011,help,0,97,87.4,10.47,65.4,45,47,163.6,76.5
650,20220225,M02,P006,decade,1,91,70.9,12.55,280.2,16,17,235.5,55.9
651,20200113,M01,P010,team,1,95,40.5,10.65,85.7,2,7,119.4,77.0
652,20230412,M01,P007,it,0,100,118.3,1.44,268.5,3,7,293.8,96.2
653,20221208,M04,P013,fall,1,97,30.7,15.92,463.4,43,47,237.7,58.5
654,20200612,M04,P001,drug,0,90,58.9,14.08,479.3,12,17,74.8,83.7
655,20210609,M05,P016,prove,0,91,41.9,4.78,431.9,43,49,61.0,99.3
656,20231225,M09,P016,smile,0,80,114.5,0.42,166.8,10,19,80.2,66.0
657,20240307,M01,P007,method,0,86,57.7,12.78,76.9,0,2,258.9,82.0
658,20200825,M01,P017,decision,1,93,108.0,19.55,5.8,30,35,142.3,50.8
659,20240121,M05,P005,single,0,93,9.4,13.64,318.7,4,5,196.2,55.3
660,20210402,M04,P005,nearly,0,91,113.6,4.18,346.4,42,47,125.1,67.7
661,20210523,M07,P009,raise,1,86,66.3,1.21,150.2,19,24,213.9,84.2
662,20200604,M04,P007,place,1,99,105.6,0.98,227.1,8,11,298.5,76.1
663,20240723,M04,P009,either,1,94,6.7,13.01,288.4,48,49,239.0,83.1
664,20240817,M05,P015,heart,1,90,120.8,17.83,327.6,9,16,63.6,85.2
665,20240420,M05,P010,tonight,0,85,25.7,12.78,437.4,17,18,202.6,53.2
666,20240220,M02,P006,state,0,98,19.5,18.39,217.9,22,26,201.6,94.5
667,20230204,M07,P016,unit,0,89,108.0,3.51,332.4,28,29,94.0,83.2
668,20241225,M06,P005,season,0,95,39.5,0.59,207.2,25,27,218.9,91.5
669,20210901,M05,P018,although,1,100,24.2,1.58,319.4,41,46,57.6,72.8
670,20240103,M08,P010,gun,1,91,100.8,0.68,233.4,49,58,36.4,63.4
671,20240109,M04,P016,go,1,80,15.3,18.65,370.6,27,32,60.9,99.8
672,20240528,M03,P011,leg,1,100,70.6,15.44,324.6,14,17,172.7,71.9
673,20210519,M06,P008,foreign,1,95,98.6,14.84,419.8,22,24,52.2,71.0
674,20241203,M06,P003,above,1,100,89.2,13.63,185.5,31,37,174.1,51.4
675,20230204,M01,P013,that,1,95,21.1,18.43,251.7,0,4,233.3,91.0
676,20220113,M09,P007,standard,0,81,20.7,17.09,52.9,30,37,161.2,90.0
677,20210302,M02,P018,actually,1,95,106.7,18.81,20.2,36,45,156.3,59.2
678,20210212,M07,P001,sit,1,81,96.8,10.76,213.0,18,22,158.2,77.4
679,20200223,M01,P011,animal,1,99,109.1,6.31,321.0,15,22,24.9,90.5
680,20201015,M08,P019,nor,1,100,67.9,18.3,245.8,31,32,83.6,65.7
681,20240103,M03,P003,high,0,92,126.5,5.31,68.2,48,50,260.5,65.5
682,20220802,M04,P016,remain,1,98,21.0,14.9,359.2,36,42,230.9,77.1
683,20210615,M04,P005,individual,0,99,52.0,12.52,350.6,12,20,264.2,59.1
684,20240928,M02,P008,store,0,91,61.9,12.67,429.0,32,33,234.4,92.8
685,20240928,M03,P011,however,1,80,67.0,6.25,188.1,25,34,71.0,55.4
686,20210722,M05,P006,bad,1,88,130.0,1.86,188.3,29,33,193.4,54.0
687,20200925,M03,P012,discussion,0,80,26.0,9.94,99.1,29,37,289.0,99.2
688,20200608,M02,P002,finally,0,83,19.5,14.88,137.0,4,11,260.1,91.4
689,20210703,M08,P008,skill,1,94,13.2,16.66,226.0,48,52,214.0,65.8
690,20200213,M06,P001,laugh,0,98,95.9,17.68,86.7,10,14,274.3,87.2
691,20211023,M02,P010,table,1,84,43.1,8.49,275.5,10,13,213.0,80.5
692,20241208,M08,P001,season,0,97,16.8,11.07,32.7,30,35,86.2,78.2
693,20221114,M08,P003,system,1,85,58.3,9.96,277.6,36,42,231.1,64.0
694,20200731,M03,P006,discuss,1,99,81.6,19.45,205.8,2,3,284.4,96.8
695,20210805,M07,P008,community,0,98,72.0,10.06,390.9,32,36,259.9,55.5
696,20230723,M08,P012,have,1,89,96.6,10.83,166.8,18,20,121.1,88.0
697,20240914,M03,P008,both,0,94,138.7,19.96,278.1,14,19,190.9,95.7
698,20240727,M05,P004,heavy,0,98,74.9,13.81,168.2,46,48,34.9,68.8
699,20211117,M02,P007,project,1,91,104.8,11.96,176.4,10,11,188.0,96.0
700,20231021,M09,P012,major,0,81,108.3,12.1,45.5,5,7,228.9,91.1
701,20240823,M07,P010,quickly,1,85,20.9,8.4,396.5,4,13,293.2,53.0
702,20210518,M01,P009,job,1,96,108.3,7.51,253.1,13,19,88.7,51.7
703,20220128,M09,P014,television,1,81,80.5,17.12,449.8,7,8,18.4,66.9
704,20210401,M07,P017,drive,1,98,27.8,19.1,310.6,42,50,214.4,97.0
705,20210314,M03,P013,out,0,82,121.1,2.11,92.0,23,30,17.0,79.3
706,20220719,M06,P015,there,1,95,143.1,2.48,460.2,8,17,290.8,85.8
707,20210805,M09,P019,itself,0,80,111.1,12.55,144.1,25,33,143.8,82.7
708,20220308,M06,P007,challenge,0,81,30.1,16.94,355.6,27,29,119.6,85.3
709,20201130,M01,P008,fact,1,97,30.3,8.59,439.8,29,38,73.7,72.1
710,20231001,M07,P002,rest,0,97,136.0,3.52,436.7,39,40,92.8,53.3
711,20240412,M01,P007,special,1,87,13.1,12.24,488.2,34,38,188.4,63.2
712,20211127,M04,P001,condition,0,81,148.3,2.87,295.7,27,28,56.6,75.5
713,20230617,M02,P002,view,1,83,4.3,2.87,456.0,9,13,92.3,66.2
714,20220505,M05,P012,especially,1,90,122.4,3.61,140.5,34,37,113.2,95.5
715,20211110,M02,P018,apply,0,94,105.6,19.53,469.0,42,50,152.6,83.0
716,20220821,M03,P005,training,0,83,120.6,12.93,13.5,13,15,37.8,96.8
717,20220404,M04,P004,heavy,0,90,77.4,13.76,282.3,18,19,280.8,62.5
718,20200706,M04,P008,positive,0,86,76.4,18.32,383.7,45,47,106.9,54.7
719,20240429,M04,P005,important,0,93,120.3,2.18,85.8,45,48,53.6,98.1
720,20220208,M03,P003,large,1,86,25.7,18.9,425.8,26,28,225.9,74.2
721,20220530,M05,P005,carry,1,83,69.8,10.94,198.9,2,5,38.2,97.7
722,20230307,M07,P009,watch,0,95,101.3,12.42,357.3,6,10,39.0,78.2
723,20210306,M02,P019,field,1,98,43.1,15.21,51.6,23,25,259.0,92.0
724,20200604,M07,P013,create,1,80,88.2,19.12,326.6,32,41,45.2,79.3
725,20241111,M09,P013,room,0,91,103.7,0.32,12.3,16,24,33.0,93.8
726,20241202,M06,P001,view,0,100,59.0,0.15,287.9,25,31,156.3,50.4
727,20231002,M02,P009,generation,1,95,22.3,15.15,474.8,20,25,261.7,80.9
728,20201020,M02,P018,character,0,94,18.5,19.03,96.4,19,26,41.7,74.5
729,20220802,M01,P001,life,0,89,83.5,12.06,415.8,48,52,152.7,51.7
730,20200109,M01,P019,stock,1,86,20.3,9.94,39.4,38,42,84.8,80.3
731,20230729,M08,P012,option,0,85,135.8,9.97,326.5,29,38,97.3,79.7
732,20231014,M02,P017,from,1,81,107.0,12.76,330.2,46,50,128.9,94.7
733,20211231,M02,P012,lose,1,89,57.4,2.0,277.7,32,38,145.2,93.0
734,20240523,M02,P003,sit,0,88,76.0,11.81,229.0,4,9,83.5,55.1
735,20220622,M02,P014,store,1,83,43.3,1.37,61.5,8,9,64.0,84.3
736,20200303,M03,P015,area,0,98,132.8,9.57,136.6,4,9,154.7,72.3
737,20210116,M06,P017,structure,1,96,119.0,3.3,485.1,12,14,102.5,93.4
738,20230929,M08,P005,of,0,81,81.5,0.23,107.7,21,23,260.7,96.7
739,20200818,M09,P010,much,1,89,91.1,5.97,36.2,39,43,48.7,52.1
740,20221103,M06,P001,region,1,97,30.5,4.27,469.8,43,50,294.2,62.8
741,20210201,M01,P010,herself,0,91,59.4,1.8,345.6,5,11,204.5,84.0
742,20230729,M03,P006,ask,1,85,108.8,2.59,237.0,48,56,255.4,56.7
743,20230520,M05,P001,job,0,98,19.5,14.92,46.7,14,16,216.7,61.3
744,20230729,M07,P008,employee,0,90,114.3,9.05,465.8,18,19,113.9,95.6
745,20201007,M02,P002,experience,1,86,87.0,19.35,51.4,33,41,38.2,59.9
746,20200128,M01,P002,community,1,83,113.0,11.26,374.1,3,6,181.5,54.6
747,20240607,M06,P004,crime,0,100,52.9,2.17,195.4,15,18,127.2,60.9
748,20231229,M08,P019,can,0,84,105.3,8.11,441.9,5,10,165.8,98.0
749,20201116,M08,P015,car,1,93,11.9,19.34,221.9,19,28,195.6,52.6
750,20231115,M07,P019,put,1,95,73.2,17.69,195.1,22,29,167.7,77.1
751,20220225,M01,P019,poor,1,89,121.4,18.87,433.4,18,19,92.5,54.2
752,20220704,M06,P007,third,0,96,33.2,13.69,390.9,2,7,65.3,66.9
753,20230920,M04,P007,act,0,89,126.9,3.34,357.3,21,30,188.0,55.0
754,20210911,M09,P001,sure,1,87,97.8,19.14,163.0,44,52,161.6,58.5
755,20200609,M09,P008,perhaps,0,91,94.3,6.2,354.8,43,44,189.0,87.0
756,20220523,M03,P014,physical,0,80,130.5,18.94,370.9,17,25,193.1,70.2
757,20210921,M09,P002,lot,0,99,37.3,19.28,126.3,33,40,81.3,80.6
758,20210513,M01,P012,travel,0,87,53.2,6.66,197.4,36,39,277.6,51.5
759,20230917,M01,P013,daughter,1,81,108.5,7.03,152.2,27,28,199.1,86.6
760,20221025,M08,P017,represent,1,98,85.8,6.42,33.0,45,49,172.0,98.7
761,20200516,M07,P013,information,1,100,104.2,19.7,133.5,22,30,38.6,96.0
762,20220208,M07,P003,the,1,84,101.3,5.17,269.8,48,50,67.8,68.8
763,20231225,M09,P010,among,1,88,6.7,12.1,401.7,16,20,109.1,54.2
764,20200122,M09,P010,question,0,83,16.3,1.46,40.5,20,29,167.3,86.1
765,20201011,M04,P013,war,0,92,102.0,10.05,221.7,25,34,12.4,64.4
766,20201107,M07,P009,then,0,94,71.1,3.56,381.4,13,21,54.5,51.9
767,20240319,M01,P011,serious,0,87,128.8,8.46,461.2,16,21,190.3,90.5
768,20241020,M04,P009,film,1,84,86.5,1.78,333.0,2,4,12.2,72.2
769,20220913,M06,P003,employee,0,82,37.2,16.96,317.2,6,13,64.3,52.5
770,20240528,M07,P017,south,1,81,96.1,2.2,259.8,47,52,205.2,72.5
771,20220717,M06,P002,article,0,100,144.3,10.61,57.6,16,21,248.8,72.0
772,20211213,M05,P013,dog,1,97,66.1,19.35,490.8,18,25,257.3,77.8
773,20230708,M04,P004,explain,1,88,92.1,5.07,100.8,25,29,273.3,87.6
774,20220907,M02,P016,pressure,1,95,59.1,1.3,295.6,27,36,54.4,61.9
775,20210408,M06,P004,worker,0,86,144.8,0.33,386.0,2,10,15.5,97.5
776,20230127,M04,P007,citizen,0,93,134.7,17.44,135.3,33,37,218.1,57.0
777,20230308,M03,P010,phone,1,98,27.5,9.55,70.7,25,33,272.6,73.2
778,20240909,M07,P002,will,1,81,140.6,18.54,93.2,17,26,171.1,60.2
779,20231208,M06,P009,green,0,81,130.2,5.72,123.1,22,25,59.0,95.7
780,20240128,M05,P006,low,1,93,132.9,14.99,459.7,12,16,25.1,98.7
781,20241002,M05,P015,page,1,85,136.9,7.0,498.6,17,26,293.1,88.9
782,20200219,M02,P010,condition,1,86,52.6,17.14,66.8,5,12,270.3,78.5
783,20200910,M02,P009,like,0,91,76.9,14.88,405.5,7,10,264.0,63.7
784,20220325,M06,P014,use,0,92,37.4,6.1,417.2,43,44,47.6,97.3
785,20211214,M04,P001,hospital,1,86,48.2,4.48,346.9,19,21,209.4,52.7
786,20220915,M07,P003,why,0,84,111.5,5.68,405.3,49,54,249.7,58.5
787,20201129,M08,P009,pretty,0,83,147.1,14.5,392.7,44,49,103.6,64.7
788,20230915,M01,P013,sister,1,100,54.5,5.09,302.9,12,20,203.2,57.3
789,20230213,M04,P002,television,0,80,67.5,15.28,226.1,3,9,181.8,74.4
790,20230121,M03,P019,position,0,93,96.6,3.47,118.8,20,23,175.7,67.3
791,20201106,M01,P016,short,1,81,27.4,13.08,331.0,24,31,109.8,56.6
792,20210812,M03,P001,list,1,84,6.9,12.68,403.7,43,45,129.6,77.8
793,20240712,M07,P015,oil,1,89,12.2,9.08,346.6,29,37,21.1,84.9
794,20200615,M02,P007,later,0,85,90.9,3.94,495.1,10,17,29.4,55.4
795,20200527,M06,P006,mission,0,85,117.3,0.8,116.9,34,42,104.4,56.5
796,20231224,M05,P004,vote,0,83,120.6,2.74,394.7,39,46,51.2,73.1
797,20210311,M03,P004,sister,0,95,67.7,8.58,406.8,9,16,285.3,81.4
798,20200109,M06,P012,organization,1,92,143.2,9.09,399.4,34,37,70.6,75.8
799,20210305,M06,P005,woman,1,96,145.5,0.13,63.3,2,4,61.8,96.9
800,20200829,M08,P002,happy,0,81,91.2,8.78,126.6,44,46,209.8,93.6
801,20240909,M03,P008,adult,0,81,2.4,13.24,178.6,0,2,65.9,82.7
802,20200426,M05,P017,all,1,90,107.7,2.47,103.5,42,43,177.4,78.3
803,20210128,M04,P004,dinner,0,94,124.2,18.46,200.2,29,34,272.5,58.6
804,20240729,M06,P011,defense,1,83,148.6,14.18,479.5,32,39,282.1,80.1
805,20240607,M09,P019,school,0,100,92.2,18.09,260.3,35,39,297.8,82.9
806,20241227,M05,P019,put,0,84,139.2,0.17,79.0,4,13,24.4,96.6
807,20220822,M09,P016,deal,0,95,4.0,0.52,329.1,16,21,288.1,92.5
808,20240730,M06,P003,population,0,86,65.1,14.34,278.7,17,22,54.9,71.9
809,20240617,M03,P001,free,0,82,34.8,17.56,124.1,30,36,81.9,51.4
810,20230408,M04,P009,mean,0,85,34.4,7.01,445.8,27,34,297.0,65.9
811,20230510,M06,P016,position,0,96,35.5,19.93,227.4,3,4,285.7,58.3
812,20220120,M03,P011,artist,1,87,78.1,7.52,59.3,43,48,172.4,88.3
813,20210206,M07,P014,short,1,91,71.4,13.43,356.3,14,21,212.4,93.3
814,20240929,M09,P003,near,1,95,106.7,1.31,448.4,47,49,40.7,72.6
815,20240502,M09,P019,billion,1,87,47.8,1.77,256.3,2,10,161.7,71.0
816,20221211,M02,P018,serve,1,96,133.4,13.48,401.6,41,45,98.5,99.8
817,20210506,M09,P010,talk,1,92,45.9,1.76,218.5,23,26,289.4,63.8
818,20220808,M07,P006,yard,1,85,109.6,15.6,389.9,25,32,45.9,63.4
819,20230413,M08,P019,economic,1,92,51.2,10.37,414.7,12,21,193.9,93.2
820,20241212,M09,P006,our,1,82,66.4,1.72,104.5,49,58,31.0,94.8
821,20211004,M05,P012,national,1,95,88.3,0.76,477.5,36,38,204.1,99.0
822,20220803,M01,P013,affect,0,88,141.9,8.04,251.5,46,53,75.9,85.7
823,20230328,M03,P014,agent,0,94,125.7,12.08,369.4,18,27,176.0,55.5
824,20220510,M01,P008,option,0,93,99.8,16.64,397.4,49,55,81.1,62.1
825,20240114,M09,P007,both,1,93,1.0,11.66,173.3,42,51,268.8,59.3
826,20230908,M05,P015,size,0,84,106.6,18.44,404.1,2,10,146.1,96.4
827,20230519,M09,P008,ever,0,89,146.1,10.71,424.5,2,11,177.9,95.8
828,20220304,M01,P016,study,1,82,86.8,0.94,457.8,46,53,77.0,74.7
829,20241012,M01,P014,author,0,81,103.9,0.07,392.9,38,40,156.4,75.0
830,20241112,M06,P014,ever,0,91,105.2,9.79,370.9,14,23,176.2,75.2
831,20221020,M01,P004,ball,0,85,121.2,2.81,71.9,0,5,262.1,66.7
832,20201005,M06,P018,foot,1,81,28.9,12.88,370.7,20,25,186.3,90.8
833,20230118,M09,P008,go,1,94,85.6,7.08,277.4,25,31,38.1,80.7
834,20200718,M07,P012,guess,0,83,39.5,19.34,344.7,11,20,201.6,78.0
835,20200707,M08,P010,follow,1,81,21.0,9.37,263.1,42,47,71.4,88.3
836,20230618,M06,P003,none,0,83,135.6,1.02,445.1,41,50,245.9,56.4
837,20210212,M01,P018,whole,0,87,83.8,2.24,127.9,3,9,213.2,60.4
838,20200808,M04,P009,low,1,86,121.8,9.8,86.1,33,37,156.5,85.8
839,20210225,M03,P008,course,1,91,99.5,3.05,490.1,13,21,93.9,73.6
840,20220712,M04,P005,tend,0,90,72.2,9.99,148.5,1,5,258.8,78.8
841,20210517,M06,P016,others,0,85,107.1,11.62,382.6,27,32,136.5,95.4
842,20221230,M01,P019,nation,1,82,65.2,19.31,387.4,1,8,226.1,98.7
843,20230221,M09,P014,democratic,0,99,90.3,0.84,481.4,35,42,242.8,53.5
844,20240112,M02,P010,customer,0,91,110.2,17.69,107.3,14,17,202.2,78.2
845,20241106,M03,P011,safe,0,97,105.5,16.03,126.3,42,50,12.2,64.2
846,20220502,M07,P018,system,0,89,84.6,15.97,303.9,17,25,184.9,73.1
847,20220203,M05,P006,painting,0,98,4.0,11.05,261.5,18,19,297.0,96.4
848,20211104,M07,P010,teach,0,81,39.3,12.12,184.4,21,24,64.2,78.0
849,20201001,M07,P005,pay,0,92,134.4,6.06,377.9,41,47,112.3,60.5
850,20220308,M02,P017,note,0,80,60.6,13.55,361.2,33,37,254.2,70.6
851,20240205,M01,P015,class,0,89,55.9,9.51,306.5,32,36,144.2,76.5
852,20211005,M04,P002,focus,0,98,12.5,8.54,427.3,36,38,52.5,89.0
853,20200213,M05,P015,drive,1,92,132.3,18.84,462.6,26,33,86.5,52.9
854,20210527,M09,P004,hundred,1,84,90.1,15.14,290.8,12,13,49.1,66.1
855,20210321,M06,P003,network,0,80,139.6,2.81,448.1,21,23,277.1,91.6
856,20230423,M02,P018,partner,1,96,36.4,12.24,346.6,48,54,24.9,77.5
857,20230724,M09,P017,everything,0,92,142.3,11.2,98.6,32,35,262.0,78.4
858,20230819,M09,P018,even,1,83,88.8,19.12,102.6,16,17,165.5,66.0
859,20240131,M01,P005,sign,1,84,60.0,18.08,315.3,32,34,189.8,55.7
860,20200105,M02,P006,although,0,92,128.9,0.91,208.7,15,19,288.5,74.1
861,20220417,M01,P017,military,1,98,32.3,4.63,494.1,5,6,258.7,70.9
862,20240210,M05,P013,parent,1,99,125.7,2.29,441.6,42,47,49.1,90.7
863,20230815,M09,P010,source,0,93,16.2,2.51,311.7,39,44,130.3,60.6
864,20210728,M03,P013,board,0,88,118.0,7.91,85.6,20,25,263.7,58.6
865,20210914,M07,P003,drug,0,88,119.3,16.17,121.1,12,18,233.4,65.8
866,20230529,M03,P004,black,0,90,12.8,17.84,241.3,22,31,154.2,92.1
867,20210925,M07,P017,seven,0,91,115.6,17.75,75.4,2,8,212.7,60.1
868,20220113,M04,P015,beautiful,1,97,94.3,1.94,126.9,13,21,80.9,86.3
869,20200901,M09,P005,enter,0,97,61.5,19.44,178.6,23,29,264.9,77.6
870,20240417,M03,P017,rest,1,91,43.4,6.93,127.4,47,53,186.5,99.9
871,20201227,M09,P013,term,0,96,11.4,11.85,256.2,33,38,241.4,89.5
872,20211002,M01,P004,to,0,85,135.9,17.68,443.9,29,32,80.7,73.7
873,20220311,M08,P008,different,1,87,103.5,18.87,225.5,39,45,191.8,63.5
874,20200417,M06,P005,on,1,96,99.3,18.63,292.8,33,40,171.8,70.7
875,20241224,M05,P014,rest,1,91,53.3,13.04,201.6,43,45,73.9,86.7
876,20221211,M02,P006,why,0,91,114.8,5.77,295.3,44,50,87.2,76.8
877,20210122,M02,P003,a,1,91,83.6,9.57,437.4,38,45,159.1,76.8
878,20221025,M09,P006,home,1,83,129.6,10.16,41.9,12,13,112.5,76.4
879,20230321,M04,P007,budget,0,93,24.0,7.83,104.1,38,40,191.1,80.7
880,20230515,M07,P004,practice,0,91,6.0,9.02,420.9,16,25,261.9,84.0
881,20211201,M05,P011,receive,1,82,103.2,5.08,111.5,22,31,72.2,94.4
882,20230324,M02,P004,foreign,0,94,107.3,17.33,153.1,15,22,109.8,87.9
883,20240627,M03,P007,action,0,96,92.0,18.69,412.6,4,11,148.1,74.9
884,20210816,M09,P005,majority,0,84,26.7,2.4,285.4,5,9,84.4,64.6
885,20220727,M04,P001,there,0,87,42.9,18.4,194.9,44,49,253.2,87.3
886,20231223,M09,P011,nation,0,89,20.6,13.94,466.6,18,26,281.8,52.3
887,20230414,M07,P005,million,1,87,128.0,0.21,434.8,34,38,14.6,54.3
888,20210425,M08,P009,response,0,85,100.9,1.88,214.8,3,7,136.8,67.7
889,20230225,M01,P010,blood,0,91,33.2,9.25,348.0,33,36,37.2,86.2
890,20220819,M01,P016,level,1,97,136.5,6.63,243.8,18,23,129.3,92.2
891,20210501,M02,P003,billion,0,94,35.3,3.42,476.0,19,24,209.3,90.9
892,20200326,M09,P017,strategy,1,91,47.9,9.38,179.0,29,31,146.9,78.1
893,20201114,M07,P006,customer,1,93,124.0,19.83,39.8,43,52,276.3,51.3
894,20210108,M01,P017,forward,1,80,146.3,13.63,71.4,42,44,216.6,80.4
895,20200714,M03,P009,behavior,1,80,30.4,7.4,45.6,42,48,243.7,56.2
896,20241029,M05,P017,drug,0,89,82.1,4.36,123.8,3,9,77.2,50.5
897,20240827,M07,P003,cell,1,93,69.7,15.12,363.6,4,7,298.4,70.4
898,20201204,M09,P003,because,0,82,83.4,12.98,206.2,21,23,163.3,81.9
899,20221223,M06,P012,enter,1,86,36.7,5.29,149.6,33,42,37.5,55.4
900,20240603,M01,P008,movement,0,90,60.6,6.95,319.9,46,49,87.2,65.8
901,20211103,M05,P013,walk,1,80,49.4,7.79,165.2,21,29,52.7,59.3
902,20240104,M09,P013,billion,0,98,57.9,3.09,172.9,31,37,60.9,84.1
903,20220714,M02,P019,night,0,92,106.2,10.47,321.3,12,15,100.9,81.2
904,20230213,M09,P007,where,1,96,134.6,10.43,334.3,40,46,156.9,72.8
905,20231206,M06,P016,himself,0,94,79.4,3.17,20.6,23,32,242.3,58.5
906,20240914,M01,P018,everyone,1,93,42.1,9.5,148.3,13,14,67.8,66.3
907,20230417,M03,P007,have,1,87,73.9,1.62,135.1,38,46,167.5,78.2
908,20220625,M02,P004,maybe,0,81,119.3,0.83,234.6,21,27,39.2,82.1
909,20240505,M01,P016,food,0,96,45.3,7.73,49.7,9,13,112.8,51.8
910,20200505,M04,P005,guy,1,88,33.0,10.7,487.1,17,24,203.7,88.5
911,20230724,M04,P012,manager,1,80,42.2,16.64,479.5,32,36,46.2,69.9
912,20200604,M05,P002,green,1,81,147.6,4.53,467.5,7,11,75.8,91.0
913,20230302,M02,P006,truth,0,82,100.8,19.99,400.9,4,11,250.5,87.1
914,20231223,M05,P013,cultural,1,90,110.4,14.97,181.3,20,29,256.3,51.2
915,20200221,M02,P013,consumer,0,86,138.5,16.0,127.5,40,48,111.3,85.6
916,20240721,M05,P014,note,0,87,70.0,10.67,376.3,17,23,110.3,99.6
917,20230521,M04,P002,board,0,95,72.4,9.0,128.4,24,27,92.5,85.4
918,20201202,M04,P016,involve,1,83,90.3,12.68,389.2,16,21,13.2,96.1
919,20211130,M08,P002,study,1,89,149.6,0.24,422.2,19,24,49.4,76.0
920,20230822,M06,P008,check,1,85,35.2,7.99,98.0,49,56,74.3,90.2
921,20230726,M09,P019,wait,0,92,109.0,6.77,256.1,48,51,233.2,65.2
922,20200422,M08,P014,or,0,86,120.2,5.18,250.5,6,10,249.6,53.6
923,20240511,M06,P006,be,1,98,75.4,9.25,349.9,27,35,37.0,55.1
924,20201027,M07,P011,allow,0,83,103.9,2.02,340.9,2,11,68.9,51.9
925,20221117,M09,P004,coach,1,99,66.1,8.24,488.2,0,5,173.0,70.5
926,20200303,M08,P012,protect,0,81,98.6,13.15,170.9,19,28,285.7,86.0
927,20220308,M02,P007,hand,1,80,74.7,19.05,404.9,33,42,264.7,61.7
928,20200405,M01,P010,process,1,80,12.5,17.03,280.8,33,40,85.4,73.8
929,20200923,M09,P018,time,1,95,94.2,17.43,47.9,2,4,250.3,87.0
930,20201108,M08,P014,at,0,84,59.3,2.09,129.7,1,9,107.1,55.0
931,20200713,M02,P014,road,1,99,142.0,0.96,197.5,7,16,248.7,67.9
932,20230905,M01,P017,ground,0,100,28.5,13.59,347.1,16,17,282.1,77.1
933,20210923,M05,P007,I,0,100,32.3,17.34,30.2,14,20,38.4,52.7
934,20240913,M01,P014,place,0,91,137.1,8.48,24.0,45,49,65.4,89.0
935,20230321,M08,P018,important,1,96,43.5,6.0,460.8,19,23,49.6,71.7
936,20231014,M09,P004,this,0,100,149.5,0.52,335.8,20,28,125.8,85.7
937,20230827,M05,P008,east,0,99,106.7,2.89,258.9,24,29,276.8,97.8
938,20210107,M07,P008,whose,1,82,120.1,17.82,469.6,31,35,143.0,58.8
939,20230525,M06,P009,just,0,90,27.7,17.95,155.1,26,30,298.0,61.6
940,20221013,M01,P008,according,0,88,90.9,0.89,418.1,21,27,240.5,71.2
941,20200609,M04,P008,place,0,84,56.7,11.87,144.5,9,11,233.1,57.1
942,20211223,M02,P006,hour,0,100,18.2,17.56,25.5,44,48,215.5,62.3
943,20240614,M01,P018,special,0,83,106.0,7.92,274.6,26,29,220.3,65.6
944,20200330,M06,P019,specific,0,92,114.1,4.95,145.3,13,15,33.4,67.9
945,20240305,M02,P013,treat,0,92,55.1,3.6,70.4,23,31,216.0,74.1
946,20240907,M01,P016,movement,0,98,85.1,18.36,280.9,4,13,116.5,70.8
947,20210504,M09,P006,article,1,82,126.5,5.53,90.7,6,13,102.5,54.4
948,20210609,M09,P005,management,1,94,95.3,4.52,259.6,16,20,31.3,90.8
949,20241122,M04,P018,daughter,0,98,24.3,13.75,219.1,22,27,237.9,74.2
950,20220307,M07,P005,establish,0,83,37.3,12.37,306.3,42,49,120.7,97.1
951,20231211,M01,P003,wish,1,83,46.1,3.98,92.3,36,40,18.3,60.5
952,20201218,M01,P019,write,0,93,125.1,0.73,5.7,49,52,161.8,59.2
953,20200510,M05,P010,hear,1,89,82.1,0.4,458.8,8,17,51.5,95.6
954,20201028,M04,P003,structure,1,94,65.8,5.85,249.0,20,25,42.8,76.7
955,20241208,M03,P011,hospital,0,100,51.3,6.39,78.1,31,38,86.4,86.6
956,20211205,M07,P007,after,1,90,117.3,11.35,400.7,15,22,92.7,79.2
957,20211127,M07,P014,study,1,82,104.9,1.27,410.1,33,38,234.9,78.6
958,20220425,M06,P008,long,1,95,72.7,9.42,412.0,32,37,123.0,91.1
959,20200206,M05,P013,low,0,98,50.9,13.11,350.0,32,36,229.7,98.1
960,20200901,M05,P006,later,0,94,8.5,17.63,320.1,11,16,272.4,70.8
961,20200420,M07,P009,get,1,89,121.0,19.38,151.1,42,43,256.9,88.4
962,20231018,M08,P018,large,1,98,134.5,16.48,342.9,8,16,213.7,72.6
963,20240525,M09,P010,born,1,88,59.6,16.25,129.4,48,57,180.2,53.2
964,20210514,M09,P011,gun,0,95,85.8,6.66,404.7,2,5,197.9,69.1
965,20200831,M04,P003,skill,1,95,65.9,16.71,73.5,28,32,163.3,55.4
966,20220124,M05,P002,interesting,1,84,66.8,19.96,359.8,15,19,61.1,59.0
967,20240821,M09,P001,room,0,86,147.2,5.62,176.8,2,8,34.5,58.1
968,20220204,M07,P013,health,0,94,105.6,3.06,124.7,49,55,180.5,87.8
969,20230720,M08,P015,full,1,88,87.8,5.66,446.6,47,48,283.1,99.5
970,20220118,M01,P009,indicate,1,81,139.9,19.21,23.3,3,4,157.3,65.7
971,20200414,M05,P014,debate,1,87,91.0,12.54,159.4,8,9,155.8,53.3
972,20200918,M05,P018,total,1,91,82.6,9.06,362.8,15,19,296.2,61.6
973,20200614,M03,P007,effort,0,83,115.4,14.83,68.7,41,43,147.0,76.4
974,20210805,M02,P002,series,1,80,108.6,12.76,308.6,32,41,252.1,68.5
975,20240113,M01,P008,forget,0,83,130.3,4.41,435.5,13,16,23.2,89.7
976,20201014,M05,P004,visit,1,92,43.9,2.91,104.2,14,20,290.2,86.0
977,20201207,M06,P002,draw,1,84,31.5,10.64,472.0,19,28,97.4,98.1
978,20231212,M06,P004,use,0,92,46.9,16.02,364.2,26,29,120.5,68.3
979,20220206,M03,P008,realize,0,93,83.4,5.94,12.4,22,23,208.2,50.7
980,20240627,M07,P002,dark,0,98,107.5,5.61,192.1,36,39,294.1,62.5
981,20200701,M02,P016,nice,1,99,28.1,17.57,360.4,41,42,124.4,79.8
982,20210117,M03,P019,outside,0,93,77.9,19.12,165.8,4,7,238.5,58.7
983,20221214,M02,P008,national,0,99,7.1,10.59,10.6,29,33,169.6,74.9
984,20241209,M02,P005,surface,1,86,42.9,13.86,260.0,34,41,174.9,83.3
985,20201209,M04,P004,church,1,88,13.3,19.63,331.1,5,8,243.9,93.9
986,20210412,M08,P013,blood,1,86,22.4,6.02,75.8,15,17,207.7,60.6
987,20220131,M05,P004,throughout,0,82,15.8,10.44,223.2,19,25,262.3,65.7
988,20241207,M04,P010,herself,1,100,74.2,9.37,361.2,27,36,136.0,57.9
989,20220118,M01,P009,through,0,86,16.1,17.32,377.5,21,24,175.6,84.0
990,20240928,M06,P004,put,0,83,123.8,18.54,430.7,40,41,64.9,93.3
991,20200512,M01,P018,while,0,85,1.8,3.55,256.1,14,19,110.0,94.1
992,20220823,M04,P010,growth,0,85,25.5,13.36,185.9,37,42,154.0,79.3
993,20210318,M04,P008,me,1,100,143.0,2.11,351.2,49,56,186.5,96.4
994,20231201,M01,P007,stuff,0,96,52.5,14.34,345.6,41,47,115.5,72.4
995,20220111,M06,P004,sea,1,97,67.0,19.1,467.8,46,49,201.6,71.4
996,20230103,M01,P010,site,0,80,123.5,9.62,287.6,23,27,262.7,50.2
997,20230706,M02,P006,contain,1,91,28.6,19.85,349.3,0,9,41.3,72.6
998,20231030,M06,P015,us,1,83,30.0,11.69,108.0,21,27,261.1,50.5
999,20210705,M02,P004,worry,0,93,50.7,9.3,51.1,14,21,149.1,56.5
1000,20210318,M09,P002,student,0,87,8.9,5.61,190.3,9,14,76.7,87.5
