Record_ID,Timestamp,Product_ID,Production_Line_ID,Shift_ID,Order_Quantity,Units_Produced,Units_Defective,Resource_Usage,Demand_Forecast,Production_Time,Downtime_Minutes
1,20210807,P011,bank,social,face,62,33,3.92,434,23.73,377.5
2,20210325,P015,best,rise,down,787,21,66.19,843,2.23,190.0
3,20220908,P017,ask,day,six,492,4,2.4,348,3.98,296.2
4,20200305,P003,weight,study,security,858,40,17.31,474,9.95,458.1
5,20231115,P007,listen,herself,such,677,45,7.15,831,17.5,95.5
6,20221211,P015,long,food,continue,81,11,8.82,100,20.21,191.9
7,20221008,P012,tree,win,southern,468,42,99.77,117,22.66,259.2
8,20240525,P011,analysis,apply,check,104,13,79.97,148,21.17,375.2
9,20220726,P003,amount,collection,capital,554,37,98.15,394,21.13,403.8
10,20220423,P018,meet,save,reality,255,24,36.41,908,15.03,280.5
11,20241030,P002,wonder,some,young,414,17,49.15,505,13.3,136.7
12,20220828,P014,behind,set,there,715,35,68.98,881,16.52,458.5
13,20220801,P002,especially,give,pick,879,31,22.69,491,16.23,402.5
14,20200801,P010,between,its,her,684,15,5.29,613,3.74,349.1
15,20241018,P018,case,interest,range,279,20,35.35,711,16.16,60.4
16,20201209,P018,trial,sing,half,125,34,97.98,930,10.69,130.1
17,20241210,P017,media,price,someone,631,37,87.02,669,1.01,65.2
18,20200718,P007,better,environmental,matter,471,21,89.01,401,10.21,94.4
19,20210917,P008,into,to,student,186,43,64.84,869,14.51,405.0
20,20210222,P009,race,pay,line,749,4,82.2,235,14.42,388.2
21,20210226,P017,finish,training,great,717,21,95.03,584,21.48,7.8
22,20210128,P016,political,everything,student,867,38,97.0,856,6.03,206.6
23,20241021,P009,owner,modern,program,849,11,21.99,724,18.79,311.7
24,20230222,P015,five,generation,study,437,9,70.57,127,9.09,458.4
25,20200927,P001,become,pull,management,882,44,61.77,165,3.32,196.6
26,20210912,P010,pressure,fast,structure,331,0,19.81,537,15.86,228.2
27,20231219,P014,audience,court,health,294,35,34.03,846,10.98,314.5
28,20230516,P008,range,well,away,702,18,4.41,248,6.88,358.4
29,20240525,P013,medical,place,administration,618,40,89.86,208,6.18,234.9
30,20200905,P010,level,role,audience,589,9,69.08,577,21.32,70.1
31,20231013,P012,argue,in,miss,768,17,84.54,571,11.7,139.9
32,20200523,P008,stop,southern,use,246,29,24.17,624,18.36,157.6
33,20240717,P019,their,world,scientist,973,28,84.59,547,11.58,327.9
34,20221013,P013,weight,instead,under,770,14,79.76,407,15.62,13.8
35,20210620,P010,there,daughter,put,260,44,26.06,382,10.73,175.6
36,20230321,P019,medical,important,government,516,32,93.52,697,8.07,458.4
37,20220708,P016,traditional,security,get,592,30,14.37,801,23.18,180.8
38,20231217,P012,even,success,top,490,37,89.5,717,17.09,342.7
39,20230219,P001,staff,age,show,350,28,17.43,143,6.93,61.2
40,20240227,P009,TV,attention,option,388,15,35.11,989,10.21,302.5
41,20201229,P016,little,evidence,development,911,4,29.88,784,1.22,165.5
42,20230209,P002,Republican,experience,could,853,3,4.15,370,11.35,243.3
43,20210621,P003,face,receive,she,188,32,26.69,423,14.3,401.6
44,20200306,P012,grow,about,control,73,9,82.66,553,8.31,247.5
45,20200728,P003,approach,notice,kind,724,28,65.96,266,14.77,334.9
46,20220803,P013,week,leg,high,529,45,67.42,953,21.84,483.5
47,20221011,P013,culture,leave,a,96,37,1.12,232,20.85,104.9
48,20220503,P011,hand,political,point,297,15,60.33,954,21.16,258.3
49,20220801,P009,myself,including,season,529,14,16.44,898,10.96,39.0
50,20200430,P002,detail,quality,treatment,473,35,35.88,770,5.54,287.9
51,20230323,P012,newspaper,use,author,816,28,89.05,559,12.37,84.5
52,20220828,P013,hotel,address,city,634,10,92.98,419,14.45,150.8
53,20220417,P002,some,environmental,remember,437,22,7.46,995,1.49,470.5
54,20220421,P011,fast,time,result,375,40,93.47,701,4.1,385.1
55,20220122,P017,general,attention,radio,456,35,27.49,690,9.83,266.8
56,20240625,P012,save,determine,state,532,7,28.01,809,6.99,139.1
57,20240201,P014,hotel,include,task,654,30,54.18,398,3.23,309.2
58,20210429,P017,detail,catch,about,784,18,14.54,854,3.15,100.9
59,20210801,P015,remember,lay,adult,159,38,71.84,403,5.44,131.2
60,20241021,P015,development,road,western,676,15,54.42,784,22.53,83.1
61,20220419,P012,decade,statement,might,486,22,8.03,635,8.74,89.3
62,20200227,P002,single,training,speak,669,24,67.46,872,18.71,87.0
63,20201217,P014,Democrat,wall,issue,71,43,28.49,905,19.67,409.7
64,20230124,P011,again,work,movie,944,31,18.94,891,10.53,166.5
65,20200207,P007,fight,realize,black,824,35,94.11,208,5.33,326.5
66,20221230,P009,style,probably,change,373,47,61.41,181,3.12,157.3
67,20210816,P011,above,attack,as,412,10,95.08,778,6.63,147.4
68,20241016,P003,his,stay,black,774,30,37.4,395,6.08,434.5
69,20240505,P015,production,up,plan,628,31,62.74,124,16.02,74.6
70,20220628,P004,establish,himself,must,265,17,77.15,385,2.76,169.7
71,20230428,P004,rather,others,she,163,48,51.02,379,15.56,253.2
72,20220513,P015,speech,year,billion,598,9,79.47,268,12.05,380.0
73,20231008,P009,thing,save,bar,835,31,81.82,194,7.35,335.5
74,20210319,P005,environmental,quality,himself,580,28,18.58,196,7.25,262.5
75,20241012,P009,notice,simply,window,864,46,94.17,557,10.3,100.3
76,20211011,P008,media,individual,us,351,17,1.5,282,12.11,268.1
77,20200406,P001,past,drive,stop,93,12,18.86,184,6.33,161.9
78,20231008,P010,cause,without,civil,288,6,12.58,563,1.66,105.6
79,20240203,P017,again,pay,cup,696,18,69.61,727,23.66,213.7
80,20240704,P007,through,development,can,307,31,98.59,107,19.52,499.0
81,20241001,P010,expect,remain,discuss,987,3,25.02,763,5.93,240.4
82,20201228,P015,federal,wait,short,796,36,44.68,958,18.41,247.1
83,20200411,P008,argue,instead,marriage,825,12,81.61,850,16.1,174.4
84,20230116,P006,card,effect,hand,95,29,92.15,736,8.38,307.7
85,20240530,P017,movie,full,week,851,37,49.01,651,20.61,486.6
86,20240506,P007,beat,effort,record,515,35,94.96,737,14.37,378.3
87,20200602,P012,bed,fire,view,843,8,66.53,734,22.58,446.6
88,20201004,P005,attention,where,month,898,37,61.36,297,3.22,148.1
89,20230901,P007,somebody,go,decide,261,6,9.17,995,3.34,499.9
90,20210309,P009,future,foot,discussion,545,35,15.17,733,2.58,295.4
91,20200618,P005,specific,accept,effect,430,25,54.32,157,9.15,339.3
92,20210615,P006,would,stuff,street,89,19,4.0,256,13.18,337.6
93,20241019,P009,after,direction,step,808,31,85.39,859,13.72,263.2
94,20200402,P002,window,church,college,760,33,85.36,200,21.85,470.7
95,20230109,P004,from,walk,hotel,692,0,57.32,958,19.03,493.6
96,20241219,P017,short,over,night,852,11,84.24,832,18.2,427.7
97,20230318,P010,after,baby,chance,695,10,27.04,728,23.85,491.6
98,20240531,P014,issue,word,throw,755,31,71.7,296,19.6,102.6
99,20240216,P006,soldier,my,send,633,2,5.23,751,15.25,33.1
100,20230524,P018,sometimes,economic,present,282,44,71.16,886,19.42,170.0
101,20200323,P002,real,court,statement,586,45,32.67,371,15.92,17.7
102,20220126,P011,story,front,chair,151,26,72.26,132,1.57,249.5
103,20221017,P016,against,child,bed,706,21,42.73,460,14.28,182.8
104,20210826,P010,out,care,pull,541,36,61.95,737,19.61,192.5
105,20200211,P010,top,professional,or,584,32,46.89,164,5.56,56.2
106,20200228,P017,four,eight,large,491,42,71.13,540,21.56,263.2
107,20240815,P016,crime,choose,what,174,15,49.96,678,11.84,111.1
108,20200817,P013,institution,after,study,615,22,76.83,274,19.9,32.2
109,20210206,P004,quickly,fine,much,505,18,14.93,298,5.68,345.1
110,20200119,P008,exist,particularly,compare,697,40,10.79,305,5.58,211.5
111,20201119,P005,culture,drop,seem,241,49,20.7,805,5.92,194.6
112,20220706,P018,budget,contain,enjoy,808,49,24.76,142,17.28,426.5
113,20220606,P013,for,after,range,880,7,10.17,670,6.25,34.9
114,20220712,P006,attack,north,old,540,15,47.36,355,9.14,80.9
115,20230923,P013,author,today,more,999,1,88.79,170,15.13,136.1
116,20221026,P017,source,deep,war,241,34,21.94,659,21.0,12.6
117,20230401,P015,table,interesting,organization,147,46,65.48,788,13.99,18.1
118,20230301,P009,provide,woman,add,653,16,22.42,673,10.97,275.3
119,20230609,P016,nature,gas,institution,861,24,30.09,836,10.43,143.8
120,20200309,P001,window,brother,western,292,16,71.68,649,13.35,358.1
121,20230126,P011,police,hold,every,367,21,72.33,695,7.26,135.2
122,20231228,P010,suggest,big,response,543,25,24.28,422,4.13,325.2
123,20230618,P013,military,above,ready,972,0,65.78,754,8.95,112.6
124,20200701,P015,notice,matter,find,960,18,70.18,211,21.49,278.3
125,20230923,P013,able,sister,agreement,584,38,2.36,450,17.63,347.4
126,20200406,P013,technology,to,toward,518,30,79.68,771,20.54,377.7
127,20220906,P012,wind,three,better,656,1,68.51,845,12.5,4.3
128,20200818,P002,allow,standard,police,837,22,29.01,600,6.13,496.6
129,20200831,P016,cultural,total,fight,550,18,98.8,134,5.8,191.4
130,20240130,P007,range,foreign,management,81,45,74.82,375,15.57,469.3
131,20221030,P002,natural,Mrs,reflect,145,45,71.13,501,14.83,313.5
132,20201001,P005,prevent,already,charge,275,37,35.35,604,10.16,74.1
133,20220814,P001,whole,line,full,895,6,88.81,913,21.53,77.5
134,20210331,P016,only,politics,yet,532,48,28.23,305,17.49,12.6
135,20210405,P003,amount,speech,through,923,10,34.05,586,1.1,177.5
136,20200823,P018,page,song,others,873,3,55.36,354,21.56,18.3
137,20220910,P011,sell,music,cup,469,12,46.07,612,19.77,435.3
138,20230527,P005,key,industry,thing,192,5,48.36,752,17.19,41.4
139,20240314,P011,each,according,environment,438,8,67.89,686,14.87,247.3
140,20240604,P005,media,pretty,near,94,28,91.96,196,12.61,463.6
141,20200501,P015,might,perform,military,801,30,72.79,323,19.91,268.8
142,20240922,P015,attorney,surface,sport,928,40,9.26,979,21.74,309.4
143,20200208,P014,current,thought,pick,771,24,10.52,769,10.25,120.0
144,20201224,P012,but,term,through,816,4,9.69,671,3.48,82.2
145,20221207,P005,performance,soon,force,534,10,67.54,927,17.93,442.2
146,20220821,P004,window,strategy,good,486,4,5.66,705,8.91,193.6
147,20240105,P002,soon,meeting,himself,718,29,28.49,137,15.79,318.5
148,20230331,P016,number,however,worker,98,12,20.81,240,9.22,90.8
149,20200614,P018,guess,want,strategy,220,41,22.83,412,21.94,145.0
150,20241108,P006,paper,under,able,755,25,96.13,481,17.66,364.6
151,20210110,P009,bill,they,natural,484,3,68.08,926,11.37,89.3
152,20240229,P009,music,street,never,638,20,60.16,589,15.1,232.4
153,20230821,P003,health,where,staff,720,38,4.23,852,21.51,488.8
154,20230619,P018,day,language,different,985,20,82.5,627,21.88,221.5
155,20210105,P007,make,evidence,drop,614,26,9.13,210,17.82,12.1
156,20231110,P004,response,food,yourself,851,46,70.44,130,12.0,446.3
157,20210725,P003,east,offer,hit,458,33,80.63,910,4.64,408.9
158,20200405,P014,degree,yes,national,697,37,35.27,705,3.62,65.7
159,20230901,P013,upon,want,effort,318,18,89.25,217,11.11,123.4
160,20210922,P017,field,decision,issue,261,48,47.68,478,16.5,1.7
161,20220420,P016,method,picture,early,824,7,53.65,587,17.54,170.1
162,20230920,P016,wish,year,modern,160,21,64.28,306,11.14,390.7
163,20211028,P008,natural,strategy,may,326,39,9.8,343,6.24,194.4
164,20211011,P003,opportunity,whose,for,310,47,42.97,197,4.28,490.9
165,20201103,P013,tax,against,year,671,10,8.07,628,17.49,119.5
166,20240423,P015,break,could,black,772,40,88.91,873,2.6,223.7
167,20211109,P001,data,newspaper,evidence,390,28,77.01,694,8.52,446.1
168,20221113,P001,response,common,pressure,56,33,92.7,291,20.5,44.7
169,20210315,P004,similar,front,nearly,416,31,82.61,417,9.0,228.6
170,20240525,P004,future,must,exist,163,33,74.58,613,12.94,278.7
171,20240616,P017,fill,reality,goal,628,26,14.91,963,23.95,108.1
172,20230729,P015,hold,dark,use,219,10,19.17,262,9.3,243.8
173,20221229,P014,program,bill,fly,895,23,45.7,820,22.53,326.3
174,20230726,P011,campaign,difficult,use,700,7,13.48,412,19.97,199.2
175,20220927,P016,commercial,conference,there,89,39,20.39,175,4.86,41.0
176,20220103,P016,career,charge,partner,568,23,7.88,291,14.52,376.1
177,20231030,P002,into,keep,control,989,6,10.48,771,6.75,54.8
178,20200804,P011,air,old,book,656,7,4.61,369,12.05,421.5
179,20201203,P008,war,find,billion,643,23,24.68,214,17.98,329.3
180,20241207,P012,imagine,act,far,943,20,67.06,124,1.24,343.1
181,20210621,P007,officer,wait,value,62,11,70.6,443,12.3,190.8
182,20230303,P006,carry,wrong,off,398,26,55.62,996,10.8,300.8
183,20201224,P014,help,color,do,947,36,96.38,532,18.26,426.6
184,20230516,P014,million,a,bit,256,44,92.29,850,18.01,129.0
185,20240705,P012,could,enter,former,788,10,71.55,729,17.56,255.7
186,20220110,P008,as,happy,tree,781,43,76.93,164,11.92,69.2
187,20230602,P010,end,industry,author,933,26,63.63,110,23.34,266.1
188,20230327,P010,thing,find,allow,442,9,82.07,386,1.52,439.4
189,20240130,P001,low,nation,same,837,9,18.25,417,23.01,390.4
190,20210927,P014,cost,hit,reduce,50,17,18.58,541,2.7,101.8
191,20201217,P013,half,continue,nice,556,47,81.85,657,7.39,291.8
192,20201216,P003,character,live,force,603,0,95.77,385,21.56,351.3
193,20211012,P008,piece,food,ahead,630,14,19.02,798,14.61,286.8
194,20240317,P001,appear,arrive,thing,212,34,88.17,608,1.84,303.5
195,20200909,P009,check,usually,happen,858,29,88.98,664,5.86,366.4
196,20200111,P012,write,listen,tax,559,20,4.62,983,12.21,466.3
197,20230802,P019,kitchen,TV,yard,736,42,26.92,691,20.02,161.7
198,20240408,P001,establish,often,upon,780,30,29.9,401,7.84,433.2
199,20240909,P006,international,side,glass,994,13,42.3,263,11.8,358.1
200,20200105,P003,partner,level,race,216,11,38.43,172,18.01,384.4
201,20200607,P010,plan,yes,large,860,1,37.5,879,19.25,45.6
202,20230302,P004,yard,mention,term,494,9,3.24,417,18.96,82.2
203,20200724,P009,power,after,stop,137,7,56.26,876,20.34,283.5
204,20211124,P017,nature,market,above,617,43,58.81,205,17.77,268.6
205,20201214,P015,Mrs,place,training,101,16,34.25,748,20.99,189.1
206,20231121,P001,training,relationship,number,50,2,6.49,830,8.25,84.0
207,20200429,P017,boy,character,house,490,23,88.64,463,15.04,117.2
208,20240914,P015,wear,real,spend,642,18,49.07,688,9.26,289.2
209,20210606,P013,little,customer,true,403,41,45.14,579,18.81,65.7
210,20210124,P010,better,positive,happy,986,36,8.95,442,7.71,425.7
211,20210929,P019,guy,federal,car,183,46,69.86,952,22.21,466.4
212,20220808,P009,benefit,shoulder,some,595,0,84.65,120,13.48,324.6
213,20220312,P019,stage,certainly,goal,619,34,20.18,921,12.36,84.7
214,20240502,P009,executive,industry,pay,851,28,23.21,971,5.86,42.7
215,20200817,P007,medical,teacher,couple,298,48,36.62,123,19.74,490.1
216,20200929,P011,do,if,story,433,42,20.61,802,17.43,236.3
217,20240812,P009,none,political,ok,582,43,1.72,845,8.15,182.6
218,20240819,P006,happen,crime,seek,730,13,32.51,265,2.33,187.3
219,20241016,P001,article,have,may,446,18,73.77,379,9.65,322.1
220,20220518,P003,hospital,window,form,430,4,31.49,697,12.04,255.5
221,20200502,P004,show,first,travel,984,44,12.23,519,17.1,271.1
222,20210301,P018,quality,loss,expect,53,28,25.39,181,7.34,174.2
223,20240712,P017,price,author,court,197,32,53.58,476,20.93,29.7
224,20230909,P019,box,lot,maybe,664,38,36.13,487,14.83,210.8
225,20201203,P009,officer,natural,country,927,21,44.34,427,19.16,280.4
226,20240523,P017,service,move,thus,844,47,67.16,600,2.26,259.8
227,20230726,P014,couple,old,understand,709,16,31.12,308,17.84,422.0
228,20240408,P010,method,message,compare,386,7,69.72,505,4.73,90.2
229,20220408,P002,opportunity,computer,approach,128,49,99.43,665,15.34,43.8
230,20221101,P010,direction,product,available,964,6,47.06,518,2.39,142.6
231,20220624,P013,plant,throw,short,691,21,97.34,556,10.85,70.7
232,20211210,P016,but,where,half,765,32,96.53,890,5.25,338.2
233,20221126,P001,former,out,group,165,43,68.98,405,13.35,370.2
234,20240912,P004,next,music,hope,348,43,36.47,628,22.83,269.9
235,20200802,P003,themselves,growth,their,338,16,15.69,933,20.89,35.2
236,20240321,P002,anyone,family,whom,433,34,67.38,771,1.33,256.5
237,20201117,P018,wall,send,finish,847,33,83.72,241,15.22,170.0
238,20200902,P011,student,summer,especially,212,5,1.12,771,17.41,56.4
239,20210310,P013,eat,prove,word,137,40,65.92,128,6.67,280.7
240,20221223,P001,strong,last,training,998,34,43.26,220,8.16,35.2
241,20230330,P011,environmental,particular,first,840,29,54.48,386,15.3,120.9
242,20220621,P010,within,site,political,873,21,22.82,453,18.43,67.0
243,20240920,P006,risk,either,leave,818,3,92.57,205,8.66,240.0
244,20230914,P008,between,send,peace,580,9,38.69,448,13.41,115.8
245,20200801,P018,group,role,crime,578,42,3.4,291,16.8,485.9
246,20240604,P008,appear,oil,security,147,41,75.39,313,1.56,463.6
247,20210525,P013,result,outside,strategy,542,44,30.53,178,10.75,47.0
248,20230522,P013,lawyer,I,direction,421,10,68.84,761,5.08,220.6
249,20240816,P009,stock,operation,matter,632,20,72.56,590,12.18,185.9
250,20200324,P004,sure,relate,visit,933,20,85.38,956,23.04,400.2
251,20230317,P002,sell,business,over,918,41,96.16,104,12.51,205.9
252,20201019,P015,have,blood,win,433,1,4.42,395,10.73,166.7
253,20230329,P002,door,laugh,finish,358,34,15.08,368,13.95,469.5
254,20201208,P001,method,heavy,window,529,4,44.13,982,4.96,319.5
255,20231018,P013,occur,entire,stage,492,19,87.34,915,19.41,124.8
256,20200428,P007,investment,side,cost,178,42,57.41,197,17.8,462.7
257,20230515,P008,staff,enter,present,755,38,39.96,265,1.45,73.4
258,20210202,P001,face,partner,dinner,288,46,31.46,355,19.44,56.2
259,20211203,P003,read,pattern,fast,677,21,5.45,537,17.14,124.1
260,20200509,P013,discussion,after,east,411,21,87.49,513,10.8,487.0
261,20200904,P008,movie,anything,draw,313,15,82.97,971,2.79,119.8
262,20200321,P011,rather,morning,enough,873,12,7.23,605,7.33,89.1
263,20230708,P006,here,mind,admit,524,11,46.48,935,19.78,194.4
264,20220322,P002,her,human,together,58,43,23.51,196,21.76,114.8
265,20201217,P017,act,evidence,weight,219,45,5.34,676,10.41,275.9
266,20210528,P006,purpose,prepare,hour,999,29,51.2,579,9.1,110.0
267,20211017,P013,mean,tough,position,555,9,58.96,375,5.95,263.4
268,20241010,P004,PM,cover,deal,784,5,86.85,427,16.07,103.4
269,20230820,P006,hand,short,per,394,36,41.5,590,8.48,151.4
270,20240229,P013,sister,clearly,human,488,13,36.02,883,11.96,482.9
271,20211005,P013,be,talk,boy,714,19,69.18,538,9.57,303.5
272,20210428,P016,door,commercial,want,892,47,79.71,594,11.81,344.8
273,20240703,P019,science,word,they,793,13,45.45,286,11.1,20.2
274,20210725,P017,phone,question,claim,328,17,70.48,516,18.94,210.2
275,20230730,P016,in,ahead,few,78,19,71.42,859,4.06,383.0
276,20200531,P006,leg,various,career,974,7,21.92,165,11.12,482.8
277,20200214,P011,strong,writer,become,765,2,76.07,352,22.0,62.5
278,20230811,P011,game,water,evening,955,36,50.42,202,12.89,392.7
279,20241114,P019,record,fight,late,888,29,42.34,744,12.85,78.7
280,20221005,P011,unit,develop,white,96,17,10.56,880,5.73,321.9
281,20230927,P010,may,have,bit,744,11,10.54,622,10.74,50.0
282,20211002,P013,news,month,outside,846,30,47.79,491,12.84,194.9
283,20220226,P008,break,while,simply,603,7,77.5,196,4.36,237.4
284,20240423,P018,difference,of,level,135,40,46.76,122,8.61,355.2
285,20240621,P003,control,themselves,trial,816,21,83.31,529,13.09,47.4
286,20200907,P001,man,mention,person,679,37,85.66,622,8.54,276.1
287,20200710,P017,four,power,feel,236,24,8.99,333,18.58,416.9
288,20200308,P011,subject,have,each,984,27,34.04,222,6.62,191.3
289,20230612,P017,guess,along,admit,638,44,87.17,246,23.58,376.8
290,20240623,P009,place,vote,fire,480,3,60.9,632,13.76,493.6
291,20201031,P013,third,some,window,641,49,92.85,322,1.5,333.0
292,20230506,P015,father,behind,painting,96,19,43.33,519,12.39,457.1
293,20200110,P002,concern,news,although,681,15,55.55,689,13.27,169.6
294,20210122,P008,education,some,though,862,11,28.9,298,15.96,142.5
295,20200710,P004,he,simple,work,733,37,49.11,205,9.97,97.6
296,20200708,P006,career,last,medical,476,7,60.6,750,23.17,74.0
297,20200111,P015,buy,another,writer,678,31,41.57,663,22.26,60.8
298,20220311,P008,crime,build,clear,670,32,64.89,957,4.87,395.8
299,20221120,P006,war,building,determine,142,18,41.44,872,2.52,218.9
300,20221204,P019,say,still,cost,724,43,90.95,676,13.78,494.8
301,20220529,P016,least,very,race,342,33,38.83,792,16.24,73.5
302,20231123,P011,affect,option,difficult,890,1,13.95,992,4.76,237.4
303,20201003,P004,notice,career,member,665,47,17.27,625,5.44,270.1
304,20201110,P014,pretty,ten,why,468,37,25.56,285,8.73,316.2
305,20240501,P003,health,knowledge,research,208,6,6.69,307,4.52,170.2
306,20221004,P019,course,agent,about,701,28,42.86,181,12.63,340.6
307,20230601,P005,improve,really,election,367,19,64.27,314,6.68,478.6
308,20230531,P013,yeah,author,when,793,15,26.16,394,18.65,128.4
309,20231108,P004,able,where,care,601,18,99.01,306,18.26,353.2
310,20220901,P007,measure,answer,around,898,30,93.8,604,21.85,392.2
311,20200619,P004,anything,fast,management,646,47,89.7,693,6.93,382.6
312,20220729,P003,the,include,man,117,2,42.55,648,18.56,489.9
313,20210719,P006,up,rich,hundred,76,16,74.87,607,2.06,309.1
314,20200908,P010,military,change,similar,768,8,73.08,206,5.63,207.3
315,20210902,P017,officer,minute,budget,490,0,40.87,142,14.14,103.9
316,20240227,P015,the,heart,change,611,6,83.97,303,9.16,76.1
317,20210501,P018,anything,number,current,866,2,69.5,582,23.12,402.5
318,20211112,P001,alone,smile,music,438,12,25.35,564,11.93,87.2
319,20231113,P013,travel,message,charge,767,2,32.19,840,1.53,292.6
320,20210126,P003,finish,what,physical,280,36,25.08,298,5.41,401.3
321,20220606,P011,several,become,production,179,33,89.23,222,10.88,83.8
322,20201223,P005,color,class,marriage,292,24,11.04,141,15.25,7.6
323,20220417,P017,serious,painting,move,474,39,47.9,522,6.33,336.7
324,20240916,P007,want,ten,remember,516,13,42.03,189,15.66,176.9
325,20220920,P018,list,trouble,son,174,36,43.17,648,6.31,148.5
326,20220506,P019,defense,rock,leg,354,16,48.66,391,6.35,181.6
327,20230913,P008,edge,bad,every,568,31,36.95,832,1.76,263.7
328,20211024,P016,church,amount,himself,189,23,11.34,697,21.6,26.6
329,20240409,P001,month,training,nothing,677,31,86.13,492,15.76,292.1
330,20220809,P018,most,give,accept,606,36,29.89,728,10.07,391.9
331,20220719,P012,place,operation,represent,825,18,7.98,610,20.12,327.2
332,20201001,P013,across,one,decision,445,42,38.68,202,18.46,336.0
333,20240620,P002,admit,capital,scene,256,2,36.5,249,17.66,239.4
334,20200906,P019,be,stop,pass,785,40,56.96,884,16.19,449.1
335,20221102,P001,seat,success,carry,310,24,70.18,223,20.17,20.0
336,20210914,P017,everything,election,soldier,76,45,89.15,480,17.36,357.8
337,20211229,P006,glass,entire,cut,955,3,87.85,727,21.89,57.5
338,20230524,P015,bill,record,artist,194,42,99.96,360,19.61,301.9
339,20230513,P011,piece,after,receive,750,26,16.66,145,16.1,498.2
340,20240808,P010,cup,toward,huge,807,26,17.0,327,8.7,276.0
341,20240125,P019,low,leg,manager,951,38,53.09,515,13.49,132.3
342,20210228,P014,knowledge,American,happy,349,44,84.93,489,3.59,199.8
343,20240326,P016,evidence,heavy,national,145,7,81.63,644,22.19,137.8
344,20240715,P004,mind,also,any,918,40,18.81,793,7.75,449.9
345,20240827,P005,pick,different,today,685,23,17.03,239,9.84,254.7
346,20230329,P010,analysis,explain,already,769,23,2.24,771,23.96,122.9
347,20211019,P014,also,they,especially,829,48,7.94,316,6.99,332.5
348,20220606,P009,follow,civil,money,885,19,82.89,180,20.43,203.0
349,20241115,P002,last,media,under,963,15,74.27,263,16.83,256.6
350,20200922,P014,civil,fill,break,812,3,53.88,303,1.87,209.3
351,20240117,P002,heavy,way,agency,580,28,20.57,762,7.09,434.1
352,20241120,P006,check,card,how,643,11,39.43,313,20.78,443.1
353,20240131,P010,everyone,myself,practice,211,8,69.79,268,21.36,331.6
354,20220316,P015,successful,rock,wait,944,48,27.07,545,18.29,100.1
355,20220214,P007,career,from,sport,826,32,77.66,859,18.91,141.9
356,20210329,P009,simple,continue,machine,317,46,18.72,671,22.36,166.1
357,20210206,P009,investment,campaign,eight,718,13,71.79,633,10.44,404.4
358,20210206,P006,finally,month,forget,561,18,94.49,667,10.17,179.1
359,20231011,P012,let,blue,car,881,29,45.06,177,8.64,207.0
360,20210818,P014,Congress,religious,year,499,1,23.08,822,20.63,406.8
361,20220214,P003,check,always,north,200,14,43.35,921,7.27,50.3
362,20240616,P015,decade,participant,science,726,45,90.93,208,20.67,33.1
363,20241028,P013,onto,analysis,music,997,31,10.82,245,15.17,290.2
364,20230108,P007,nation,realize,total,928,1,88.75,264,10.96,271.7
365,20201110,P010,care,section,list,354,11,8.27,631,23.6,256.2
366,20241008,P018,first,share,mother,172,42,49.96,359,22.55,406.3
367,20210602,P002,summer,traditional,stop,312,49,90.03,541,12.11,197.6
368,20201218,P007,hard,marriage,tough,209,39,20.52,772,4.02,353.8
369,20240813,P007,design,production,order,486,19,5.95,720,3.14,135.0
370,20220425,P011,budget,ability,ability,434,38,91.98,989,12.45,499.2
371,20210119,P018,nor,so,citizen,678,12,86.53,501,23.83,395.4
372,20220712,P016,trial,appear,suffer,622,27,4.83,305,15.96,306.9
373,20241005,P011,decide,four,cover,698,4,81.4,987,6.09,344.5
374,20221115,P014,list,who,case,871,0,34.4,623,7.53,99.8
375,20210425,P001,others,camera,west,55,48,59.33,239,2.34,0.6
376,20200419,P001,line,near,consumer,260,2,58.74,223,18.61,403.8
377,20240614,P014,sister,seven,develop,696,39,49.95,625,6.36,157.9
378,20201202,P012,wish,of,president,308,27,62.87,265,16.73,211.2
379,20240224,P013,trouble,day,keep,692,27,42.01,367,22.47,46.3
380,20200613,P005,difference,piece,fire,385,30,68.91,146,21.7,464.1
381,20231213,P011,surface,receive,response,274,18,87.63,181,2.4,76.7
382,20210127,P010,position,return,create,984,47,15.65,554,14.98,102.6
383,20241128,P004,practice,at,leader,542,21,19.03,592,9.66,461.8
384,20231230,P005,source,law,party,988,15,67.14,148,13.16,166.5
385,20201228,P004,apply,these,reality,886,10,89.68,579,8.29,236.6
386,20220718,P011,project,find,through,911,16,68.87,255,2.72,411.8
387,20201210,P007,particular,section,great,269,23,46.25,849,9.55,138.2
388,20210512,P015,near,actually,sort,175,33,87.92,971,15.7,350.6
389,20231202,P005,institution,site,accept,341,30,62.4,865,2.65,304.1
390,20210103,P013,bring,many,require,861,24,61.17,441,18.82,292.4
391,20241026,P002,pattern,standard,will,231,30,14.78,154,11.81,389.1
392,20200526,P001,focus,oil,boy,575,28,41.81,921,5.98,336.5
393,20200815,P011,figure,federal,star,101,1,93.58,434,22.29,442.9
394,20220614,P014,American,my,employee,286,8,31.84,269,20.91,461.3
395,20201012,P001,Mr,accept,rest,544,39,50.59,888,13.94,317.1
396,20200428,P008,station,run,common,329,33,55.09,494,6.03,76.0
397,20240531,P014,success,low,space,623,1,62.59,449,2.82,450.3
398,20200325,P001,police,study,road,102,25,81.85,457,19.3,307.8
399,20220318,P005,imagine,from,up,198,9,16.09,133,20.47,336.7
400,20210211,P016,employee,see,two,643,7,4.96,184,11.52,409.7
401,20221212,P002,dark,benefit,blue,273,12,66.12,707,2.62,317.5
402,20210802,P004,movie,natural,fast,740,14,70.74,446,7.09,88.5
403,20210207,P017,shake,blood,character,234,4,59.83,462,17.92,163.2
404,20221126,P011,bar,across,goal,483,11,85.04,253,7.23,410.7
405,20200617,P016,still,four,environmental,748,43,46.32,318,23.15,309.4
406,20211228,P007,thank,loss,west,477,23,41.82,593,13.08,129.1
407,20200413,P011,person,picture,serious,226,28,85.27,751,21.1,49.6
408,20220827,P018,soon,improve,population,232,8,66.62,768,10.71,257.3
409,20220720,P009,size,sport,positive,837,2,71.03,712,16.88,212.4
410,20220804,P009,anything,bed,approach,373,11,68.78,508,22.28,207.1
411,20200911,P013,student,station,allow,575,16,36.04,264,15.31,496.1
412,20210202,P002,charge,former,day,305,6,66.44,166,13.99,235.5
413,20200421,P002,system,girl,sound,408,17,92.46,913,5.32,379.1
414,20200921,P008,whole,century,become,373,18,21.28,262,5.35,70.3
415,20241116,P004,benefit,car,sound,185,34,27.67,763,1.91,120.9
416,20201213,P019,body,current,detail,965,20,0.42,613,20.68,43.8
417,20240413,P006,continue,first,parent,480,16,35.77,526,12.36,171.2
418,20220209,P006,office,kitchen,throw,782,42,58.66,427,19.5,495.6
419,20211209,P002,on,kid,through,139,48,84.62,735,14.3,492.8
420,20240122,P017,easy,along,more,623,16,47.58,714,12.96,353.5
421,20240712,P005,maybe,reach,training,122,47,59.23,978,22.35,407.8
422,20241229,P013,treatment,so,someone,388,5,56.9,961,7.86,383.9
423,20230521,P004,state,kind,class,100,22,3.05,845,22.89,165.1
424,20240711,P018,according,itself,shoulder,696,46,48.72,918,13.34,19.6
425,20210319,P012,service,option,investment,796,37,92.16,741,1.78,106.8
426,20240307,P011,give,class,little,204,1,90.32,950,8.38,391.6
427,20200506,P017,debate,unit,role,137,48,29.61,312,4.15,469.8
428,20240926,P013,arrive,pass,shoulder,405,3,84.54,689,4.7,320.5
429,20231114,P003,network,ability,could,546,45,3.5,899,2.26,376.9
430,20200907,P013,entire,board,my,707,22,59.62,878,17.73,193.1
431,20230712,P001,first,later,team,301,46,58.79,291,1.39,91.2
432,20201005,P019,who,force,green,165,28,14.18,466,22.22,359.7
433,20230729,P001,drive,mention,factor,135,2,19.53,412,9.29,287.8
434,20220603,P009,peace,part,station,364,10,78.55,266,20.64,144.4
435,20200109,P002,house,heart,last,246,32,0.21,736,1.87,257.6
436,20210301,P002,note,assume,need,936,39,61.48,233,1.15,125.2
437,20220222,P016,commercial,both,attorney,363,7,15.48,727,10.12,39.0
438,20210310,P011,current,computer,site,950,48,33.7,469,8.3,135.1
439,20221203,P010,character,positive,town,941,46,37.76,840,4.87,92.8
440,20240405,P015,news,institution,guess,602,33,26.66,769,13.93,133.2
441,20230126,P019,that,management,explain,476,38,80.21,335,11.72,23.1
442,20220615,P010,forget,Mr,indeed,710,0,26.06,749,4.78,280.6
443,20210504,P019,child,every,model,161,46,2.62,344,17.55,17.4
444,20210831,P018,brother,professor,shoulder,66,9,41.39,327,1.14,341.0
445,20220518,P002,likely,necessary,us,506,2,18.4,179,15.22,253.9
446,20220120,P005,either,face,though,366,35,74.32,541,16.48,353.4
447,20221130,P018,American,one,stay,133,7,97.77,600,15.47,323.8
448,20210513,P004,wife,analysis,marriage,319,11,90.35,808,20.54,363.3
449,20230811,P007,card,number,international,254,18,57.51,423,23.27,405.4
450,20230128,P015,poor,myself,suggest,882,24,11.53,809,1.98,182.1
451,20211029,P015,relationship,decade,rate,355,16,93.94,412,18.76,373.1
452,20220910,P009,right,plan,receive,866,21,0.95,155,18.86,494.1
453,20210109,P003,sing,entire,international,825,28,40.88,890,8.42,354.4
454,20240707,P018,possible,time,yes,576,41,54.97,128,18.15,196.8
455,20240618,P013,social,investment,perhaps,807,29,18.97,178,19.73,258.7
456,20220415,P009,your,gas,hand,534,6,71.52,512,7.41,406.0
457,20240526,P010,wait,beyond,tend,795,24,14.44,684,8.9,355.9
458,20211009,P016,plant,create,challenge,92,14,29.25,100,16.74,257.1
459,20200830,P002,account,building,see,438,27,40.77,176,23.42,438.7
460,20220122,P011,allow,animal,although,703,19,18.3,655,17.16,472.2
461,20221130,P012,back,discussion,number,181,4,91.56,325,5.43,414.8
462,20200312,P015,market,law,company,872,42,88.5,516,22.07,419.4
463,20210215,P012,owner,lay,range,501,0,61.45,776,1.32,272.8
464,20210618,P012,employee,key,already,100,18,14.4,307,11.6,391.2
465,20231115,P016,national,how,degree,98,37,53.71,158,23.59,430.5
466,20221106,P019,reveal,us,book,971,44,74.49,659,15.18,376.4
467,20210913,P014,require,notice,surface,468,29,75.57,686,9.41,117.0
468,20231205,P001,marriage,across,what,875,29,39.51,599,15.85,388.0
469,20230716,P018,risk,it,step,371,39,11.33,319,2.51,166.5
470,20210415,P011,growth,seem,white,613,32,62.16,936,22.9,3.4
471,20200531,P012,bad,peace,time,144,16,88.28,971,18.84,21.4
472,20200510,P012,instead,recent,strong,844,45,61.07,877,10.15,216.1
473,20201110,P015,tree,after,whole,78,13,25.12,817,13.15,422.1
474,20211024,P002,my,face,floor,474,32,24.45,377,16.9,292.6
475,20231121,P007,father,while,whether,371,42,31.85,872,18.4,132.5
476,20221108,P014,my,film,difference,918,41,69.83,656,10.41,170.7
477,20200916,P012,avoid,best,simple,911,0,63.01,964,15.42,434.6
478,20220724,P007,man,environmental,great,214,7,8.9,740,14.01,302.0
479,20220404,P017,candidate,turn,view,606,28,12.39,562,21.49,229.2
480,20220116,P004,step,official,country,310,39,75.33,740,17.17,277.3
481,20220302,P004,however,late,region,138,45,99.99,147,20.28,208.4
482,20240729,P013,future,animal,last,393,21,42.86,564,21.47,364.8
483,20210702,P011,consider,century,too,231,8,41.31,597,23.39,450.0
484,20220416,P018,body,party,trip,791,41,35.11,554,2.88,178.1
485,20230317,P016,authority,spring,avoid,195,16,2.41,938,18.87,358.2
486,20200415,P014,letter,floor,maybe,991,25,31.28,859,1.79,205.1
487,20201230,P007,mean,meeting,improve,584,16,94.44,821,4.6,274.4
488,20211029,P010,turn,partner,choose,960,13,46.33,510,17.12,120.7
489,20221022,P007,strategy,whether,cause,704,32,80.46,184,17.16,416.6
490,20210322,P013,sometimes,traditional,appear,856,38,5.19,446,15.26,79.1
491,20210301,P008,service,his,expert,107,22,25.95,779,12.4,240.0
492,20220422,P009,forget,move,positive,841,30,70.96,297,21.62,336.0
493,20230223,P003,shoulder,election,Mrs,431,2,5.67,366,2.41,397.6
494,20240830,P009,animal,catch,up,97,38,84.41,850,9.74,109.9
495,20210512,P003,young,force,serious,166,4,64.34,783,21.07,110.9
496,20240828,P011,year,itself,resource,151,31,0.67,935,11.5,167.9
497,20220601,P007,left,sit,else,907,7,42.08,115,1.23,57.2
498,20240905,P009,police,range,grow,241,21,3.46,407,3.75,149.6
499,20210627,P013,structure,career,learn,995,13,78.46,651,9.31,289.6
500,20240505,P009,soldier,here,card,57,8,29.56,862,15.87,404.2
501,20230103,P015,article,fight,learn,728,28,53.69,552,7.79,412.5
502,20220121,P015,affect,central,better,344,46,68.18,453,2.29,270.9
503,20201014,P014,bar,my,impact,775,10,61.53,647,13.8,356.3
504,20220121,P014,his,middle,firm,729,23,80.02,863,7.74,231.6
505,20241119,P009,task,party,nor,404,21,5.53,321,15.72,430.8
506,20200412,P019,once,through,even,772,32,97.24,682,13.49,339.5
507,20240914,P016,democratic,discuss,such,448,38,63.86,312,5.05,262.4
508,20241218,P014,black,yard,room,213,31,26.59,230,16.7,444.8
509,20200418,P018,cultural,though,environment,497,11,47.33,584,17.68,16.0
510,20230727,P002,low,those,likely,862,11,83.51,793,18.34,419.1
511,20240118,P005,explain,reach,assume,830,29,71.94,973,19.09,47.4
512,20230615,P003,least,best,treat,222,41,62.29,934,4.59,275.4
513,20210607,P009,factor,growth,history,318,29,3.35,246,3.67,428.7
514,20240313,P002,bar,exactly,certain,939,34,18.08,821,11.07,247.9
515,20230414,P010,city,leader,late,280,8,51.2,549,7.51,139.9
516,20200722,P005,my,black,difficult,832,48,99.29,423,7.52,147.0
517,20240818,P005,ground,perform,fight,880,41,61.67,660,7.74,109.7
518,20230517,P014,seat,manage,camera,542,7,80.77,104,6.74,199.6
519,20200723,P012,result,before,create,788,16,25.49,163,17.86,474.3
520,20240712,P011,heavy,military,language,520,32,75.04,779,10.06,283.1
521,20210706,P001,single,guess,give,150,41,32.9,214,15.55,450.8
522,20231014,P012,resource,get,walk,107,12,55.74,889,14.04,126.7
523,20220605,P009,center,onto,industry,479,1,14.82,117,18.0,224.6
524,20201101,P001,data,whole,church,531,9,77.14,801,12.28,473.9
525,20230331,P016,old,thus,onto,588,44,81.11,476,6.96,360.3
526,20210406,P008,chair,agency,including,785,11,85.64,472,6.66,405.6
527,20210517,P018,bank,whether,boy,688,27,7.61,146,9.12,164.0
528,20210619,P002,only,shoulder,almost,670,3,48.44,441,9.21,448.6
529,20201205,P014,keep,shake,skill,769,41,15.01,859,10.63,474.1
530,20220322,P004,few,build,dinner,690,4,7.52,418,20.5,106.5
531,20201106,P015,film,cut,standard,965,41,69.82,309,6.43,252.9
532,20240502,P005,leg,season,land,569,44,31.8,475,15.72,405.7
533,20230905,P010,response,stop,tree,286,25,91.96,977,13.78,428.8
534,20220403,P012,six,suggest,pressure,984,2,23.27,489,12.32,239.3
535,20241216,P008,several,tree,eat,688,14,34.34,831,7.54,319.0
536,20201107,P018,raise,each,five,738,7,33.68,387,17.08,134.7
537,20220621,P009,measure,PM,firm,260,26,74.68,737,22.54,151.5
538,20231124,P010,in,board,top,880,5,32.9,798,7.41,89.1
539,20240627,P016,shoulder,poor,interesting,339,32,94.21,953,16.94,241.0
540,20200205,P009,discuss,near,wide,534,0,25.18,590,12.69,106.2
541,20220612,P016,dark,recent,evidence,798,38,88.97,356,9.78,384.1
542,20200215,P001,too,necessary,start,290,16,53.12,345,11.72,251.8
543,20240401,P010,go,join,attack,113,47,78.94,767,10.89,314.6
544,20211216,P001,my,drug,forward,129,23,71.2,906,13.83,154.6
545,20210704,P003,sea,manage,bad,282,44,42.04,831,9.09,349.2
546,20240109,P015,picture,often,sea,191,5,19.25,812,12.95,372.1
547,20241013,P016,item,cultural,newspaper,162,29,41.68,153,16.2,41.3
548,20231231,P013,course,among,many,476,48,91.41,864,16.49,277.9
549,20230105,P002,trade,over,probably,405,48,26.9,491,2.96,481.3
550,20221024,P015,just,personal,factor,264,3,67.95,394,5.76,276.8
551,20240320,P017,find,cultural,knowledge,812,10,11.93,737,5.42,228.5
552,20230208,P006,despite,test,risk,639,4,96.43,586,14.79,392.8
553,20210723,P017,quality,them,same,628,32,63.93,579,17.5,344.7
554,20241207,P004,region,despite,house,926,42,20.38,351,21.85,249.2
555,20201021,P004,investment,small,fire,995,1,8.78,259,9.36,487.5
556,20230529,P002,part,conference,learn,655,25,21.19,679,21.92,360.3
557,20220926,P004,image,occur,big,73,20,50.09,319,22.58,48.6
558,20210831,P014,my,top,market,907,2,31.3,423,20.75,264.4
559,20200930,P005,sure,place,foreign,350,12,32.62,244,3.37,121.6
560,20221019,P011,list,attention,figure,840,26,57.02,292,19.67,369.5
561,20211110,P001,sit,suggest,high,99,39,85.74,935,7.19,0.7
562,20200506,P005,international,determine,garden,901,35,89.09,306,7.9,170.9
563,20221010,P002,security,marriage,could,248,19,40.64,766,20.87,22.6
564,20231226,P007,enjoy,view,seat,712,29,55.01,433,17.63,425.9
565,20220316,P016,us,traditional,stuff,447,9,4.29,695,11.31,97.9
566,20240317,P011,expect,development,race,666,13,94.85,716,15.26,21.3
567,20210919,P004,southern,available,message,106,0,42.92,230,16.89,48.3
568,20220530,P009,man,southern,exactly,925,29,91.17,773,20.41,62.3
569,20220530,P002,speak,bill,economy,907,16,90.41,899,1.19,21.3
570,20220807,P012,rate,series,notice,817,26,53.19,334,1.49,11.5
571,20241211,P013,indeed,share,her,816,45,41.6,177,23.76,53.3
572,20200724,P011,but,experience,appear,76,0,21.13,581,8.59,135.1
573,20240331,P017,we,career,project,632,40,20.08,260,15.63,478.3
574,20200521,P011,everyone,send,free,777,10,73.1,752,22.72,303.4
575,20210914,P007,wish,fine,image,120,40,97.03,267,7.04,453.6
576,20200521,P004,significant,condition,change,423,25,28.62,898,4.85,490.6
577,20201208,P002,involve,during,space,898,5,61.61,563,1.06,216.0
578,20240306,P003,plant,believe,middle,886,18,60.56,572,21.93,210.5
579,20240616,P012,senior,for,head,814,14,9.88,880,21.93,40.2
580,20200709,P015,this,project,money,645,41,69.25,140,20.44,227.7
581,20240524,P007,it,sort,able,916,23,85.66,132,17.93,372.9
582,20210327,P015,natural,chair,level,660,39,91.91,979,14.64,384.3
583,20220318,P001,light,summer,institution,479,19,63.83,837,6.89,12.2
584,20200104,P001,theory,line,figure,139,7,21.06,731,18.79,140.9
585,20230504,P007,eye,wear,step,597,44,80.19,661,13.06,340.3
586,20220223,P008,woman,page,real,340,22,36.87,937,19.46,128.9
587,20201214,P010,career,stop,also,672,33,7.47,373,22.88,107.3
588,20220728,P005,no,picture,part,996,35,60.33,401,7.31,461.1
589,20230318,P008,nation,hot,best,468,45,1.81,930,5.12,177.7
590,20220103,P016,spring,member,Mr,575,22,95.02,768,6.09,497.3
591,20221107,P014,check,indicate,focus,692,38,43.32,406,5.83,290.8
592,20220829,P012,however,there,any,462,41,27.07,880,12.22,83.1
593,20230916,P019,one,past,approach,237,44,89.13,869,7.01,18.9
594,20220422,P019,another,address,toward,824,5,92.39,576,12.94,303.4
595,20210218,P004,owner,bag,Congress,998,44,27.88,939,8.25,322.3
596,20230706,P017,mind,and,game,483,25,67.93,537,1.73,445.2
597,20230924,P004,yeah,quite,case,492,23,22.62,612,14.93,399.0
598,20240207,P019,concern,heavy,discuss,331,39,76.42,470,14.0,298.6
599,20201020,P004,my,head,number,877,32,56.2,148,20.06,24.8
600,20200425,P005,question,phone,east,953,41,17.22,152,3.25,14.9
601,20200502,P009,citizen,name,just,398,24,65.08,376,2.5,466.5
602,20230503,P004,dark,learn,hundred,348,10,39.51,740,22.93,124.3
603,20240929,P018,capital,how,time,863,15,28.03,411,22.84,31.3
604,20220131,P006,message,everything,game,276,32,67.68,835,6.93,340.4
605,20231120,P001,agency,detail,spend,492,24,94.86,606,1.2,200.8
606,20210421,P002,black,leave,science,856,16,76.2,529,21.5,316.6
607,20230828,P010,rule,fine,indicate,227,33,68.16,872,7.4,25.7
608,20200211,P006,establish,training,such,756,10,35.91,189,19.96,36.7
609,20220401,P019,some,also,hand,132,20,71.47,199,10.91,141.2
610,20200110,P004,speech,meeting,wonder,212,41,0.44,388,20.02,338.0
611,20230921,P004,staff,real,since,629,29,95.41,303,17.0,7.1
612,20200505,P007,on,their,yes,64,17,62.69,760,17.27,41.8
613,20200716,P008,face,outside,check,394,2,51.25,287,23.94,262.0
614,20211011,P007,two,require,player,263,7,61.53,717,16.41,355.3
615,20240301,P019,apply,century,thought,782,34,85.64,218,23.05,329.8
616,20211126,P015,from,effort,hotel,252,1,88.62,402,17.05,122.0
617,20200408,P016,main,do,analysis,576,19,10.09,551,6.68,112.7
618,20201002,P009,third,move,could,392,33,26.14,705,15.82,358.3
619,20220213,P019,energy,second,approach,802,2,79.47,901,21.8,268.5
620,20240903,P018,message,position,pretty,563,29,9.52,617,8.96,465.0
621,20200226,P012,see,onto,guy,417,41,60.88,477,18.23,391.9
622,20231102,P009,west,fish,wall,266,23,76.37,465,4.02,76.4
623,20231025,P002,least,according,prevent,862,41,84.99,440,20.45,225.1
624,20220620,P009,paper,father,share,905,47,39.82,841,9.14,357.4
625,20240925,P006,mind,officer,lawyer,561,3,90.69,682,17.51,418.1
626,20200323,P009,write,want,policy,618,11,9.56,912,7.32,126.1
627,20240121,P010,Republican,city,late,752,10,42.09,935,11.41,20.3
628,20240524,P007,job,environmental,television,858,35,56.29,941,19.48,495.1
629,20230710,P013,per,value,similar,969,35,43.67,509,8.41,462.1
630,20201201,P017,these,step,cup,984,46,69.39,657,13.26,310.5
631,20221110,P003,officer,white,assume,867,32,73.22,884,1.01,12.7
632,20221030,P018,fill,bring,Congress,947,12,98.38,192,15.79,133.7
633,20210121,P010,fine,whose,ever,505,37,36.25,991,6.11,472.3
634,20220505,P012,three,citizen,of,747,17,72.45,529,17.77,183.2
635,20231211,P017,beautiful,likely,north,780,21,41.93,993,10.75,426.6
636,20211015,P004,home,billion,usually,417,44,26.48,142,8.86,6.4
637,20220117,P007,make,down,cost,77,24,71.77,649,22.42,481.2
638,20241113,P007,fly,guy,memory,141,16,20.8,934,17.68,407.7
639,20210306,P014,issue,win,pick,465,25,71.86,760,10.12,166.1
640,20200416,P005,hotel,hard,green,474,26,87.14,191,13.67,44.2
641,20210816,P014,most,court,response,370,27,18.19,255,19.18,290.9
642,20200220,P019,cup,draw,program,339,46,8.74,919,1.22,103.4
643,20230427,P009,professional,one,general,208,36,55.19,176,11.84,187.0
644,20220118,P019,there,two,onto,751,42,43.83,842,10.75,99.5
645,20200915,P014,stage,data,morning,222,40,39.69,503,3.47,105.5
646,20220521,P017,may,political,food,980,43,26.41,569,17.88,183.1
647,20231009,P016,sign,radio,article,805,41,0.56,626,11.82,471.4
648,20220920,P017,people,group,its,898,33,27.04,851,9.05,188.0
649,20230310,P011,nothing,important,according,717,23,3.83,903,13.52,196.3
650,20210702,P009,improve,charge,then,165,27,81.95,632,4.65,484.4
651,20240611,P009,left,investment,clearly,261,18,68.26,842,12.73,382.6
652,20240813,P005,kitchen,pick,official,467,7,47.36,500,5.95,123.5
653,20230222,P005,population,share,determine,775,7,92.62,579,14.04,248.4
654,20200309,P005,impact,shake,who,332,17,9.12,886,17.75,399.3
655,20211123,P009,home,he,camera,824,37,77.25,559,20.95,288.5
656,20200516,P002,seem,politics,someone,451,44,73.17,209,8.12,5.2
657,20241120,P015,arm,want,physical,561,8,84.37,744,1.06,271.7
658,20210731,P006,leg,miss,you,801,9,3.91,645,10.46,157.2
659,20210713,P018,edge,wish,laugh,827,35,26.83,472,10.34,173.0
660,20231014,P002,black,politics,wait,161,15,20.32,957,6.43,323.2
661,20240914,P004,adult,more,focus,238,42,1.4,342,6.26,139.6
662,20230226,P018,your,agency,may,698,18,97.03,684,21.68,441.8
663,20240813,P013,positive,section,look,307,44,16.81,646,17.09,132.8
664,20220703,P017,have,five,lawyer,859,30,49.23,473,19.24,370.2
665,20201207,P008,his,determine,Republican,948,38,43.86,154,13.74,368.5
666,20221212,P013,staff,family,why,632,42,90.5,730,10.32,97.6
667,20240403,P009,road,seven,light,244,8,54.28,814,13.2,381.1
668,20201208,P009,happy,growth,rate,417,23,3.12,781,4.33,75.9
669,20200302,P010,professional,ball,loss,670,24,87.57,519,23.89,139.0
670,20231220,P002,room,message,court,175,28,63.08,112,6.79,415.6
671,20211004,P001,staff,best,strong,219,7,50.78,764,14.1,100.2
672,20241016,P002,outside,soon,and,752,16,43.13,567,7.69,229.6
673,20200323,P018,education,dream,hear,680,30,85.5,865,2.49,314.1
674,20220611,P017,spring,seat,road,315,23,15.01,486,14.28,95.3
675,20230404,P018,among,time,purpose,754,33,3.59,332,12.72,459.1
676,20221205,P012,say,wide,add,652,29,92.53,733,7.5,298.2
677,20220703,P005,or,food,page,667,31,99.84,987,11.39,438.9
678,20200330,P001,free,card,Mr,714,43,7.2,445,8.05,36.3
679,20221106,P017,father,note,better,113,5,40.29,536,14.47,457.0
680,20211117,P004,fight,democratic,speech,338,39,66.32,106,21.8,63.4
681,20220611,P002,nor,tend,at,937,7,59.88,981,18.29,472.6
682,20241124,P008,street,hour,moment,105,23,25.99,233,12.27,356.3
683,20220128,P010,it,on,raise,930,25,75.13,653,21.19,159.0
684,20230129,P008,structure,discover,ago,466,13,56.12,497,10.66,193.9
685,20220726,P017,attorney,if,common,232,23,74.21,392,10.33,241.8
686,20201010,P012,section,true,school,136,45,54.64,452,14.53,226.2
687,20220108,P010,treat,onto,summer,193,3,92.49,454,18.37,357.4
688,20220429,P006,meeting,there,soon,891,23,61.47,640,23.67,188.9
689,20200917,P014,often,figure,avoid,269,37,64.03,739,16.34,301.9
690,20210227,P005,him,specific,nearly,142,22,77.51,554,2.55,30.3
691,20230426,P006,build,show,learn,812,30,69.33,931,17.4,88.2
692,20210429,P012,effort,kind,rise,622,31,46.04,183,7.1,157.7
693,20210913,P018,dog,adult,billion,451,36,38.92,762,2.51,254.8
694,20230426,P010,open,music,democratic,625,5,14.98,219,16.06,86.7
695,20201129,P004,other,we,pretty,205,23,52.6,156,2.51,150.1
696,20220623,P006,agent,later,training,283,2,60.97,528,1.01,391.9
697,20210802,P009,last,well,tree,181,19,5.07,455,16.37,68.5
698,20200205,P013,might,during,leader,189,40,67.59,431,19.75,89.1
699,20200910,P011,style,check,rate,504,17,52.02,587,3.11,189.5
700,20230504,P003,expert,black,food,179,21,15.07,304,6.32,226.1
701,20230828,P014,security,threat,candidate,598,26,9.44,936,5.38,201.8
702,20211214,P009,scene,growth,necessary,231,16,63.8,682,14.04,75.5
703,20200605,P012,defense,share,group,728,45,48.45,789,12.18,371.7
704,20201109,P005,us,treatment,current,398,43,75.74,678,13.36,224.0
705,20220626,P008,table,few,chair,860,31,95.05,250,17.92,19.1
706,20211202,P014,health,already,while,993,14,97.65,382,1.11,57.0
707,20201227,P005,bad,civil,remain,998,10,15.96,181,2.63,488.7
708,20230907,P010,much,easy,factor,742,16,79.55,546,3.35,66.1
709,20231124,P013,indeed,hope,there,925,21,81.35,274,10.49,466.6
710,20210728,P005,though,speak,away,929,27,90.65,329,3.04,138.1
711,20240816,P004,minute,no,school,809,22,34.93,605,18.19,62.6
712,20210911,P019,among,cold,a,931,13,30.91,820,14.3,48.1
713,20241205,P017,or,effect,hit,493,32,97.0,187,12.87,65.2
714,20241215,P013,truth,speech,talk,130,25,84.56,588,3.25,356.5
715,20201113,P004,court,star,major,830,27,20.16,359,2.73,58.7
716,20210406,P013,seat,shoulder,detail,813,9,39.32,829,8.91,379.4
717,20241006,P014,interview,discuss,finish,67,47,11.2,149,19.43,170.0
718,20240513,P009,law,morning,cup,964,38,82.4,303,8.51,190.9
719,20220417,P005,property,weight,example,451,9,35.24,545,7.43,307.9
720,20231104,P011,probably,story,fight,260,22,94.32,682,21.02,84.3
721,20230305,P005,well,lot,into,473,17,8.84,863,12.69,224.2
722,20231220,P018,become,place,sign,347,16,50.68,354,18.08,269.1
723,20231011,P002,series,customer,minute,898,38,62.4,344,20.93,47.0
724,20200121,P011,economy,kind,step,613,25,64.26,605,4.75,2.4
725,20200101,P011,cell,social,lay,547,37,4.03,548,2.34,39.0
726,20201126,P001,ready,may,hand,351,4,81.54,215,14.34,301.9
727,20240820,P003,chance,individual,dark,988,30,5.87,518,2.91,334.8
728,20220205,P003,address,listen,hit,493,1,96.82,124,13.19,171.9
729,20200107,P002,head,particularly,raise,555,15,21.96,886,10.13,185.8
730,20210508,P010,yet,word,true,255,43,95.42,717,13.21,415.2
731,20201214,P009,later,without,concern,237,27,86.8,677,15.81,427.0
732,20230403,P019,later,performance,discussion,622,4,90.0,936,18.79,244.2
733,20220417,P005,suggest,field,necessary,201,8,49.18,832,8.23,93.9
734,20220218,P015,sometimes,do,effort,834,29,24.01,714,10.46,452.7
735,20201212,P013,however,painting,color,815,0,74.4,825,10.56,228.8
736,20231010,P002,discuss,anyone,star,822,46,75.48,142,8.0,407.2
737,20231227,P018,enjoy,become,audience,546,44,34.58,528,3.96,499.9
738,20211118,P014,course,scientist,pattern,556,44,75.31,597,17.12,377.1
739,20220323,P002,group,she,amount,933,43,39.38,108,4.4,395.9
740,20210412,P001,Democrat,Republican,subject,741,33,62.88,493,7.07,101.5
741,20221129,P018,near,south,these,556,39,35.14,230,6.87,179.1
742,20231020,P007,effort,difference,effort,370,7,63.74,604,11.88,285.1
743,20221102,P016,cultural,big,attack,733,17,38.77,239,19.68,148.8
744,20210707,P017,Congress,cold,great,509,6,36.11,658,14.78,475.6
745,20220820,P009,well,might,field,443,41,52.7,367,8.85,143.6
746,20201116,P012,remember,new,through,939,46,75.49,778,12.31,430.6
747,20240125,P001,in,financial,nation,389,15,77.9,592,16.45,137.9
748,20240430,P016,star,heart,hope,620,18,11.49,712,5.98,277.8
749,20230523,P003,picture,current,management,637,23,59.7,313,5.12,248.7
750,20210619,P014,foreign,major,as,461,12,45.05,316,8.42,171.0
751,20220603,P014,green,fill,age,537,37,60.56,388,16.33,434.0
752,20221029,P018,despite,peace,imagine,414,15,40.6,361,20.65,393.1
753,20230825,P001,expert,focus,visit,965,41,4.41,612,7.25,321.4
754,20230622,P009,Republican,property,realize,806,5,57.33,686,6.39,338.6
755,20230830,P018,whether,become,practice,58,37,47.02,985,19.83,481.4
756,20241009,P009,education,end,us,647,19,82.6,982,1.3,322.8
757,20221227,P015,today,western,big,221,46,67.3,487,14.21,147.8
758,20230813,P015,old,standard,nature,619,37,32.85,258,8.25,71.7
759,20220219,P013,like,apply,reach,926,7,47.15,836,14.95,153.0
760,20210704,P002,conference,present,his,286,44,65.34,279,9.35,364.5
761,20240731,P012,growth,act,past,712,20,87.97,738,4.9,497.9
762,20211221,P019,would,job,soon,522,21,90.6,369,1.75,147.9
763,20200315,P016,miss,region,such,672,13,72.46,871,18.2,69.8
764,20200401,P018,star,kind,stay,883,48,18.45,270,23.46,124.7
765,20200427,P014,history,and,friend,579,33,65.51,952,21.46,330.9
766,20210821,P010,hour,property,fall,987,29,76.1,752,13.97,100.4
767,20210515,P017,style,peace,idea,325,29,22.78,588,9.0,175.6
768,20240824,P002,financial,owner,community,259,47,95.35,535,13.57,344.6
769,20200617,P013,job,include,according,684,10,22.03,144,10.66,73.6
770,20200811,P007,like,others,why,588,0,61.18,334,7.23,498.4
771,20230813,P008,large,career,want,529,6,24.39,438,9.0,487.7
772,20210917,P014,value,machine,whose,979,21,75.06,430,19.44,369.1
773,20241229,P013,year,show,happy,720,13,5.91,252,8.67,240.5
774,20230221,P019,near,mouth,total,395,20,5.53,943,21.1,109.3
775,20240127,P016,land,work,seem,526,38,21.56,185,20.5,333.7
776,20240916,P006,a,whose,series,190,2,73.89,239,16.88,90.1
777,20210403,P012,rich,old,week,76,6,2.56,124,11.8,237.4
778,20231205,P010,down,gun,air,433,19,11.01,928,23.31,32.0
779,20241203,P013,shake,present,these,856,36,36.08,454,15.28,416.2
780,20210827,P013,explain,media,back,966,5,24.98,674,12.44,169.6
781,20221126,P004,product,public,political,765,10,91.68,270,7.4,18.6
782,20210516,P007,go,experience,property,546,9,41.54,110,17.32,60.3
783,20240714,P018,record,information,media,52,24,14.55,955,20.42,193.4
784,20240621,P006,follow,manage,some,402,45,29.95,799,9.2,223.1
785,20220501,P014,nearly,down,some,347,37,58.63,453,1.33,155.9
786,20211024,P019,west,sea,she,846,27,80.6,176,3.89,279.0
787,20220428,P010,five,college,risk,566,47,22.97,540,8.93,222.7
788,20230821,P009,all,than,hot,985,4,45.43,910,22.61,477.7
789,20230717,P014,wide,by,last,778,7,7.63,879,7.15,427.9
790,20211129,P007,center,create,ahead,869,19,49.37,873,11.89,366.7
791,20241118,P017,court,western,edge,551,9,53.02,460,11.05,484.9
792,20220417,P009,town,born,house,210,20,61.36,637,9.02,421.3
793,20210922,P013,here,close,anything,113,28,57.84,822,16.08,494.2
794,20231005,P004,attention,major,least,381,24,22.01,613,18.52,247.1
795,20220512,P002,prevent,improve,Republican,830,30,0.31,369,6.78,39.6
796,20240917,P011,most,support,understand,141,44,86.71,288,3.13,482.3
797,20230110,P017,do,color,camera,624,45,8.36,302,9.43,233.3
798,20241217,P015,customer,policy,go,473,20,91.52,139,19.16,280.8
799,20230713,P005,both,now,to,342,26,32.76,264,20.9,453.5
800,20210515,P008,environmental,nature,feeling,895,41,64.21,963,12.66,206.4
801,20230828,P003,positive,throw,how,143,36,98.55,139,1.94,121.0
802,20220110,P009,world,general,write,240,20,1.48,259,8.04,420.3
803,20200221,P001,me,few,experience,494,36,48.67,530,2.15,408.6
804,20240829,P003,them,international,then,216,22,77.34,362,10.97,367.5
805,20211220,P011,that,keep,result,103,46,50.59,154,22.37,133.2
806,20201030,P006,accept,case,allow,550,21,73.33,687,11.14,334.5
807,20230801,P009,not,any,start,223,23,41.66,135,11.42,486.9
808,20200123,P009,avoid,among,nor,525,21,4.38,811,23.69,451.2
809,20200520,P012,those,pressure,form,455,31,43.19,790,5.44,153.1
810,20220509,P008,if,network,sister,687,19,69.07,568,19.25,81.5
811,20240404,P014,knowledge,single,election,384,22,64.36,877,20.51,101.9
812,20240227,P006,take,quite,sport,682,49,97.65,641,14.13,491.2
813,20240511,P001,record,heart,money,709,20,40.59,197,10.47,495.6
814,20201101,P014,peace,six,history,276,37,18.61,934,11.96,323.4
815,20230727,P013,federal,enjoy,street,964,27,17.54,778,22.74,378.6
816,20230508,P005,side,hundred,laugh,554,25,70.58,299,13.35,498.1
817,20220504,P006,remember,training,economic,692,19,66.1,354,2.14,309.8
818,20220901,P007,whatever,staff,ever,621,13,31.99,314,23.05,76.4
819,20240224,P019,fly,then,nearly,689,13,83.12,121,13.48,441.8
820,20201214,P018,model,administration,defense,328,19,29.77,538,9.99,328.2
821,20230917,P001,debate,economic,executive,492,33,26.39,293,3.49,379.3
822,20211125,P006,hour,knowledge,stay,402,17,83.81,564,4.71,209.8
823,20211106,P009,machine,human,brother,898,42,32.67,672,16.03,199.5
824,20231003,P006,eye,exactly,call,936,30,39.88,968,9.14,463.4
825,20200702,P009,teach,station,here,109,30,67.9,314,1.99,124.4
826,20221204,P016,choose,series,attention,115,10,89.37,501,19.47,446.2
827,20221205,P017,arrive,military,involve,583,5,15.44,624,19.51,49.5
828,20221113,P001,from,store,call,317,22,78.72,803,18.32,242.0
829,20200925,P010,hope,offer,action,617,14,15.76,543,8.71,364.7
830,20240508,P001,by,notice,large,739,40,17.89,404,18.98,485.4
831,20201017,P017,because,dark,see,843,21,64.27,257,10.56,109.4
832,20220211,P010,last,together,difference,959,30,78.81,414,2.17,303.8
833,20240408,P003,just,discussion,sometimes,642,49,43.32,166,19.05,220.8
834,20230115,P019,sometimes,real,reveal,666,8,75.11,292,16.34,299.1
835,20240203,P011,build,scene,produce,752,20,88.85,997,12.83,169.7
836,20200111,P003,suddenly,administration,past,162,13,13.55,620,11.57,220.7
837,20220209,P006,avoid,use,design,105,20,52.13,154,21.17,262.5
838,20200227,P014,manager,land,opportunity,86,25,81.09,197,22.61,173.6
839,20210131,P016,mention,really,learn,773,46,12.95,851,22.65,421.0
840,20230213,P015,company,simply,set,928,31,56.78,807,15.92,343.6
841,20231018,P016,resource,answer,purpose,351,26,96.09,263,18.31,61.9
842,20240129,P014,most,stuff,describe,894,19,45.35,873,22.32,452.3
843,20201004,P008,give,then,contain,55,42,99.37,186,14.55,410.9
844,20240302,P019,decide,certainly,identify,724,19,96.68,209,7.64,234.1
845,20210607,P015,around,movement,father,507,32,46.54,926,1.97,241.5
846,20230213,P008,protect,low,road,346,19,47.47,647,23.87,184.8
847,20200116,P009,study,page,wait,249,10,15.02,974,4.83,421.9
848,20230223,P017,next,drop,course,273,18,15.52,363,18.96,277.6
849,20211207,P002,ground,similar,card,797,28,95.21,296,20.3,217.6
850,20200327,P012,enough,view,glass,756,36,29.52,474,10.76,137.5
851,20240401,P018,rock,fall,above,513,28,34.86,418,15.82,309.3
852,20230214,P011,street,game,they,369,13,9.55,632,23.61,209.5
853,20231223,P003,return,control,plan,626,15,74.48,603,19.68,143.8
854,20210122,P019,speak,marriage,effort,326,30,36.06,320,3.27,324.5
855,20231221,P003,military,bag,control,526,28,38.25,773,8.98,369.8
856,20210315,P013,surface,make,institution,871,43,33.07,117,15.29,356.7
857,20220902,P015,page,see,week,657,4,36.9,877,7.37,81.2
858,20240720,P009,level,environment,author,52,17,69.22,946,18.21,405.7
859,20230208,P015,price,foot,manager,126,0,9.91,353,7.59,69.0
860,20220517,P002,building,perhaps,page,164,11,39.5,476,2.38,307.2
861,20241125,P019,cause,need,building,487,1,86.79,651,17.8,465.9
862,20210808,P008,go,traditional,teach,523,38,74.07,721,20.34,332.7
863,20220420,P005,appear,alone,right,325,1,93.31,737,5.19,26.3
864,20200709,P011,staff,two,throughout,569,1,94.72,301,7.23,272.8
865,20221009,P007,involve,national,author,561,0,19.1,672,5.18,279.4
866,20230407,P019,lose,pattern,risk,392,30,7.83,757,15.08,315.4
867,20240510,P005,thus,development,or,50,37,19.56,634,1.02,478.7
868,20220814,P006,bit,citizen,poor,251,2,6.25,146,20.48,173.3
869,20230321,P001,no,common,administration,211,9,15.19,750,17.25,180.9
870,20221013,P009,within,generation,drive,624,25,80.79,767,9.26,310.7
871,20210504,P008,others,pick,yes,311,28,81.41,628,3.03,134.5
872,20210218,P011,win,realize,exist,569,15,70.56,306,15.39,367.5
873,20200907,P016,later,son,either,192,46,31.64,705,3.63,57.2
874,20240706,P004,particularly,start,road,191,28,80.28,382,13.75,128.3
875,20220425,P006,record,tend,record,506,27,11.23,518,6.68,483.3
876,20220921,P009,score,huge,sometimes,835,35,59.95,780,8.34,179.4
877,20230324,P001,discuss,administration,hit,519,24,30.33,697,1.28,172.3
878,20201212,P006,employee,cause,garden,775,32,17.47,275,2.52,347.1
879,20241220,P001,authority,many,assume,376,20,7.09,702,18.68,390.6
880,20210817,P004,environment,seat,role,603,47,2.97,712,4.03,123.0
881,20201214,P010,accept,none,skin,331,3,60.62,421,17.93,250.8
882,20210501,P019,us,language,single,940,42,90.24,453,19.34,392.1
883,20240825,P018,fear,easy,produce,214,38,45.28,118,14.43,379.3
884,20211004,P019,another,spend,think,211,5,64.35,988,2.05,368.3
885,20240419,P018,edge,deal,can,248,14,80.62,422,23.15,338.6
886,20231201,P016,once,garden,card,418,33,70.62,764,18.19,128.6
887,20240301,P005,when,a,policy,334,46,32.75,563,7.05,313.3
888,20210828,P008,knowledge,agent,affect,884,10,53.49,770,15.11,150.9
889,20240321,P010,skill,science,sort,280,25,95.92,207,8.06,353.2
890,20240130,P009,guy,throughout,reach,627,32,31.72,682,16.49,404.6
891,20241111,P004,commercial,only,close,508,41,1.32,572,15.83,283.0
892,20201007,P005,team,impact,student,163,18,4.89,248,20.48,456.3
893,20230128,P002,order,whatever,business,785,38,30.66,509,22.01,424.5
894,20240923,P017,view,west,morning,97,28,96.82,941,3.78,31.0
895,20210309,P006,air,fill,really,616,45,91.22,571,10.58,168.1
896,20230926,P013,spring,why,rest,257,37,25.08,777,14.87,277.5
897,20230616,P010,exactly,sell,including,362,27,0.1,929,6.1,187.9
898,20230620,P013,sort,huge,idea,708,6,77.0,170,11.3,296.4
899,20200108,P008,general,must,federal,415,16,93.75,658,14.04,403.0
900,20211016,P009,summer,few,necessary,519,41,72.9,325,17.1,201.6
901,20231206,P010,stay,quickly,what,931,32,2.11,699,3.22,430.7
902,20210423,P019,necessary,leave,respond,449,23,98.14,178,13.67,403.4
903,20210113,P007,authority,ever,middle,968,47,26.06,739,12.59,356.3
904,20200711,P003,whether,compare,probably,156,26,93.26,466,6.49,355.2
905,20200210,P018,agree,itself,public,166,20,2.64,156,21.26,180.1
906,20200528,P017,leader,from,short,233,48,63.99,342,22.89,304.7
907,20241124,P004,matter,eye,reason,79,18,93.14,776,10.5,231.5
908,20221022,P012,heart,use,south,151,25,63.26,641,16.73,410.8
909,20241125,P015,piece,interesting,building,262,21,44.44,183,19.47,98.4
910,20210428,P013,collection,boy,time,281,36,48.6,679,21.39,160.2
911,20220403,P016,recently,brother,only,572,0,42.05,516,9.61,212.0
912,20210728,P008,star,more,game,378,2,86.16,267,17.01,371.9
913,20220203,P014,its,authority,around,838,41,3.99,749,21.41,102.5
914,20220216,P018,look,although,against,300,41,7.45,431,4.82,282.3
915,20200615,P001,idea,magazine,however,142,23,83.87,601,9.72,364.4
916,20200929,P010,leg,family,exactly,918,13,32.62,825,7.76,106.4
917,20241215,P016,coach,agent,happy,614,36,69.84,951,2.8,176.5
918,20201019,P009,around,responsibility,often,443,30,42.95,802,19.95,46.7
919,20240630,P009,produce,eat,what,413,38,46.82,267,11.81,256.1
920,20241227,P015,despite,painting,election,981,11,18.38,541,4.45,457.9
921,20240512,P011,fall,society,town,454,16,18.21,986,3.57,459.5
922,20240701,P008,newspaper,they,describe,798,5,9.78,742,4.15,158.1
923,20231128,P014,main,learn,skill,970,27,20.35,483,8.52,159.7
924,20231208,P019,company,day,hot,994,7,77.68,457,11.55,459.8
925,20210607,P007,end,responsibility,perhaps,375,43,53.22,110,6.95,246.7
926,20240212,P003,likely,positive,skin,507,6,76.31,772,20.25,89.8
927,20200428,P013,inside,beautiful,item,106,21,38.41,467,12.42,171.9
928,20200810,P015,within,sound,right,352,47,52.93,701,18.17,76.3
929,20200409,P008,religious,experience,enough,142,36,63.06,225,7.43,260.9
930,20200802,P015,investment,gas,room,666,40,13.21,247,13.98,161.0
931,20210513,P010,edge,account,sing,89,5,61.76,269,20.3,464.8
932,20231016,P005,bill,relate,course,986,27,32.38,460,7.64,12.8
933,20240309,P005,participant,their,chair,372,47,60.12,352,19.85,492.4
934,20240913,P003,either,federal,support,109,41,78.14,967,7.08,108.2
935,20210615,P014,which,work,record,572,11,46.6,159,13.24,172.3
936,20240728,P008,sign,hair,executive,241,38,32.44,546,8.54,19.1
937,20210203,P015,time,positive,occur,285,46,38.76,854,20.94,445.1
938,20220910,P019,especially,culture,fly,829,42,73.04,525,8.06,249.5
939,20230308,P011,decide,far,treat,966,30,5.17,866,4.15,498.2
940,20201106,P014,be,be,bag,742,14,45.6,998,18.85,46.1
941,20201208,P009,model,live,dog,432,9,8.94,821,8.38,207.3
942,20221025,P009,develop,a,east,655,9,13.27,889,11.02,489.6
943,20200620,P009,difference,home,occur,126,21,98.72,453,1.53,387.2
944,20220217,P012,letter,themselves,relationship,617,6,32.38,407,20.82,323.7
945,20200618,P013,open,natural,man,338,9,55.01,231,23.42,264.2
946,20211221,P009,energy,which,hand,125,33,95.95,159,3.37,424.0
947,20240418,P006,understand,wall,use,618,44,76.08,737,3.32,307.6
948,20220406,P019,seem,news,some,402,30,81.26,917,20.13,152.1
949,20200101,P018,send,might,there,358,36,12.39,786,23.05,1.9
950,20231226,P012,PM,region,machine,466,1,32.59,294,21.9,224.1
951,20230202,P007,sister,recognize,lot,489,37,10.92,341,18.42,470.6
952,20210113,P013,particular,future,impact,918,1,96.43,554,13.92,289.3
953,20200118,P014,share,goal,house,853,13,23.41,215,6.97,200.3
954,20230101,P004,clear,away,fear,523,46,99.18,692,10.1,58.0
955,20220902,P004,window,different,child,931,22,33.01,931,23.18,94.3
956,20240626,P010,huge,follow,right,593,34,76.53,950,9.18,319.7
957,20220523,P002,rock,public,PM,352,8,28.56,836,6.78,309.0
958,20210528,P011,person,employee,image,693,33,10.36,818,12.34,346.3
959,20210529,P010,civil,opportunity,blue,269,9,23.95,148,20.82,382.3
960,20220303,P014,fill,test,laugh,915,24,82.0,803,17.56,422.7
961,20200601,P018,reveal,if,rule,619,34,5.05,866,1.86,241.1
962,20200409,P008,eat,my,sort,417,49,14.89,738,17.18,368.2
963,20240707,P006,hour,wrong,choice,928,48,4.19,144,20.86,391.1
964,20200205,P010,behavior,later,reduce,796,20,45.01,872,10.28,314.9
965,20240708,P002,ever,carry,series,513,38,64.37,393,2.41,317.7
966,20200215,P006,commercial,catch,almost,269,49,46.62,724,18.76,9.6
967,20230404,P003,its,kind,necessary,940,18,48.51,417,10.94,362.0
968,20200907,P016,clear,magazine,none,432,3,10.72,126,14.41,135.9
969,20220528,P009,nearly,lawyer,rest,394,15,13.92,448,13.34,44.0
970,20200502,P009,response,edge,carry,480,43,22.57,983,16.76,196.5
971,20230827,P016,season,finally,force,587,25,32.08,419,14.21,423.5
972,20220624,P004,small,perform,so,697,33,59.47,449,21.41,436.6
973,20230712,P009,without,sign,those,552,3,89.82,677,4.11,177.1
974,20240915,P013,cup,myself,growth,383,44,22.41,951,15.53,224.1
975,20200313,P003,feel,population,western,324,7,15.14,864,23.98,417.3
976,20210407,P003,trial,since,world,345,9,40.23,297,8.84,417.9
977,20230216,P009,answer,research,dinner,677,10,99.09,957,3.53,13.0
978,20240317,P011,media,shake,similar,243,25,91.27,526,2.32,376.1
979,20240627,P018,occur,reason,single,158,36,85.99,788,18.8,181.5
980,20240109,P017,public,eight,use,758,48,92.71,170,19.19,33.7
981,20220507,P018,opportunity,total,street,534,24,84.37,125,23.48,283.8
982,20230927,P006,east,it,dog,674,15,63.09,385,8.42,95.5
983,20210815,P011,onto,investment,evening,429,43,84.7,671,14.25,216.0
984,20201115,P014,available,seem,economy,530,22,74.5,102,5.1,110.7
985,20230416,P014,actually,question,radio,920,18,80.9,110,2.21,387.4
986,20230805,P009,also,police,walk,276,5,53.94,705,8.72,358.2
987,20210403,P012,that,each,effect,361,37,30.2,569,4.97,166.0
988,20240502,P011,detail,fly,realize,227,43,75.53,876,18.72,497.4
989,20221003,P015,mean,message,side,996,6,67.03,247,12.94,82.5
990,20231013,P012,begin,manager,others,272,42,83.73,834,9.68,203.1
991,20230328,P014,person,tough,character,60,25,45.79,432,15.5,388.6
992,20221127,P009,perhaps,necessary,whose,262,36,6.68,416,16.56,446.8
993,20230322,P009,score,series,war,363,13,89.7,462,18.08,182.0
994,20200711,P010,side,city,what,547,35,19.12,232,2.84,456.9
995,20240311,P006,industry,listen,focus,94,43,35.56,755,23.8,161.1
996,20210818,P009,former,off,improve,806,15,97.58,544,20.6,34.7
997,20210721,P003,time,situation,describe,984,44,29.98,952,7.63,210.9
998,20220820,P001,rest,house,hold,281,38,60.9,961,15.15,59.0
999,20240314,P001,night,late,see,156,23,31.54,600,13.93,106.7
1000,20220330,P017,change,just,especially,893,43,77.89,567,17.05,134.5
