Record_ID,Timestamp,Machine_ID,Product_ID,Maintenance_Type,Maintenance_Date,Maintenance_Costs,Operation_Hours,Failure_Flag,Sensor_Temperature,Sensor_Vibration,Sensor_Pressure,Time_Since_Last_Maintenance
1,20211104,M04,P013,let,happen,8312.2,1958.0,1,143.9,11.4,206.6,352.8
2,20241008,M09,P015,join,seem,2286.5,2312.4,0,110.1,4.22,433.8,774.3
3,20220405,M01,P015,their,traditional,6792.8,135.1,1,84.6,16.51,47.9,86.4
4,20220805,M06,P011,even,pay,1584.4,1880.7,0,99.6,17.95,494.0,616.1
5,20240921,M01,P010,feeling,include,8014.8,320.6,1,48.5,0.32,294.5,967.1
6,20230516,M05,P010,factor,relationship,2092.5,735.8,1,27.9,9.04,122.9,533.8
7,20241012,M05,P004,style,under,6053.6,2566.0,0,55.6,18.99,81.3,309.6
8,20240214,M01,P005,artist,start,2174.9,2339.5,1,17.0,2.98,42.7,668.2
9,20240611,M02,P012,financial,eat,8936.8,166.9,0,102.9,4.92,413.3,860.7
10,20200701,M01,P012,mother,gun,3865.5,1951.6,1,63.2,3.74,189.7,228.5
11,20230527,M02,P018,throw,she,4186.9,1182.7,0,146.8,13.33,360.1,391.9
12,20210408,M02,P007,with,else,6928.4,1808.3,1,108.9,0.81,55.1,736.4
13,20231130,M07,P019,senior,exactly,6645.1,274.6,1,74.9,17.56,379.3,348.4
14,20210216,M01,P019,gas,international,7383.3,2903.4,1,107.5,14.54,32.7,816.3
15,20230320,M05,P014,try,music,8595.8,364.0,1,108.3,17.2,429.8,967.1
16,20240127,M07,P006,first,seven,5068.5,486.3,0,105.5,10.39,316.6,179.1
17,20231121,M06,P011,quality,tend,2688.9,1891.8,1,41.4,0.43,434.2,500.4
18,20230618,M03,P006,thousand,official,7108.1,1535.9,0,25.6,4.27,429.8,852.0
19,20200822,M04,P011,education,middle,5760.9,2309.1,0,124.2,7.69,131.6,319.9
20,20210401,M05,P012,box,carry,2318.6,1204.2,0,139.0,15.6,138.0,702.3
21,20230920,M01,P007,beat,plant,5308.9,1730.0,0,147.0,11.23,68.0,954.6
22,20200210,M09,P017,far,ago,3716.3,429.5,1,5.9,8.18,86.8,17.9
23,20220208,M08,P002,clear,bring,9532.5,1277.4,0,54.5,1.02,489.2,581.6
24,20200217,M04,P009,contain,save,1643.8,2718.8,0,15.7,9.46,34.0,274.2
25,20200521,M09,P015,property,entire,8468.1,1696.9,0,137.0,1.9,193.8,143.5
26,20230117,M05,P012,consumer,we,7883.5,1664.0,0,2.7,12.56,215.9,709.2
27,20230620,M03,P011,send,teacher,2237.2,869.7,0,73.4,18.43,449.8,502.1
28,20241206,M08,P016,better,hair,9055.6,713.1,0,30.5,0.89,209.8,456.1
29,20240227,M05,P017,movie,face,2595.7,1575.5,1,49.9,17.92,416.8,513.0
30,20240310,M08,P014,time,animal,8485.0,1148.9,0,126.1,4.58,470.5,986.5
31,20220226,M04,P010,term,affect,6559.8,1330.6,1,35.4,16.22,152.3,518.7
32,20200915,M02,P014,material,figure,5328.5,2978.2,0,88.1,5.12,284.8,184.8
33,20240411,M06,P006,notice,letter,2389.3,2920.8,0,36.1,3.53,90.8,653.0
34,20241216,M02,P003,natural,nor,2001.8,2214.1,1,74.4,4.43,351.4,537.8
35,20220701,M07,P003,though,east,5525.2,2287.8,1,144.7,13.96,151.9,54.4
36,20230914,M04,P004,know,management,7136.6,819.7,0,146.6,10.43,320.0,906.7
37,20220206,M09,P010,create,interview,5981.6,1385.3,0,56.9,19.08,27.0,806.0
38,20240403,M07,P011,strong,former,5879.6,1358.8,0,139.5,18.65,443.4,509.3
39,20200629,M06,P008,push,though,1672.5,1721.9,1,9.9,14.71,35.4,405.8
40,20220904,M05,P004,catch,leg,5626.0,215.0,0,9.5,14.63,437.6,17.3
41,20210809,M05,P019,others,collection,6590.1,1571.7,0,36.2,7.26,89.9,776.6
42,20220128,M06,P015,western,safe,1497.7,2119.1,0,48.4,0.69,399.7,592.7
43,20231127,M02,P009,near,Mrs,5662.1,2327.1,0,42.4,13.85,79.8,359.8
44,20240429,M06,P006,both,find,6532.5,2165.2,1,41.3,9.72,243.6,413.8
45,20210421,M09,P019,continue,fast,6352.0,1698.0,1,44.2,1.53,283.0,812.5
46,20210602,M09,P005,father,free,8254.3,1389.3,1,100.2,19.19,278.0,639.7
47,20220623,M04,P010,his,white,6995.2,2486.2,1,106.5,6.33,99.3,829.2
48,20220814,M03,P003,include,town,4707.4,1386.3,1,88.6,13.54,77.6,155.6
49,20230920,M03,P003,on,you,1987.6,2447.6,0,40.2,8.88,332.7,838.9
50,20210423,M03,P013,establish,point,8708.5,1547.8,1,136.1,12.32,390.7,932.2
51,20220424,M06,P010,once,last,6832.3,186.5,0,67.9,7.45,335.4,205.3
52,20240419,M05,P005,amount,foot,6404.9,2158.4,0,37.6,0.17,13.0,355.0
53,20200706,M04,P012,help,his,9231.2,663.5,1,143.8,17.48,372.0,792.9
54,20230417,M02,P007,mission,show,3458.5,2616.7,0,139.0,9.28,224.1,1.6
55,20240324,M04,P017,bad,our,9199.8,1160.1,1,70.5,2.72,104.9,801.0
56,20231102,M09,P013,catch,war,5437.8,502.5,1,122.6,6.9,349.7,360.4
57,20220608,M03,P011,specific,person,3414.4,1334.6,1,87.9,3.79,460.2,256.2
58,20230111,M03,P011,water,sort,8662.3,1138.0,1,75.3,10.99,131.3,10.8
59,20200316,M09,P016,choice,beautiful,8955.7,13.9,0,8.1,10.48,485.5,142.4
60,20200905,M04,P014,recognize,water,6016.6,1783.3,1,128.4,2.3,151.6,915.7
61,20200803,M03,P013,home,impact,7262.7,23.0,1,33.6,16.39,70.3,535.5
62,20240114,M05,P007,later,service,8038.7,246.5,1,63.1,2.0,429.4,424.4
63,20200102,M07,P001,give,partner,4604.3,2710.4,0,78.3,14.34,35.0,859.3
64,20201127,M04,P016,test,tax,2133.9,808.4,1,50.5,14.58,332.1,980.6
65,20221024,M05,P016,anything,anyone,8173.8,2957.9,1,74.6,9.46,299.6,92.9
66,20241223,M06,P007,move,contain,4232.6,1868.7,0,101.8,6.74,419.0,708.6
67,20200919,M04,P013,life,leader,5968.5,2961.9,1,58.9,9.5,35.8,322.2
68,20210123,M09,P006,article,natural,410.1,888.6,0,140.0,5.46,498.0,331.7
69,20241103,M09,P007,share,box,4943.3,2015.5,1,118.6,18.6,121.1,779.7
70,20220520,M04,P007,always,money,5165.9,49.9,0,35.5,5.27,482.7,978.2
71,20210813,M03,P016,occur,somebody,6261.6,672.1,1,59.3,19.94,182.1,685.4
72,20220729,M01,P017,seven,receive,9365.9,2886.7,1,63.0,16.78,148.0,362.3
73,20231121,M07,P016,simple,program,5529.4,168.7,1,99.4,0.95,0.4,255.2
74,20220814,M02,P003,chance,total,4170.7,2907.2,0,18.0,9.33,97.2,516.5
75,20200413,M05,P019,yes,piece,2141.2,1021.2,1,13.7,17.72,158.7,101.3
76,20220207,M04,P013,attention,listen,1790.3,567.9,1,50.9,1.35,20.9,263.3
77,20220624,M03,P011,again,skill,8644.5,2318.1,1,90.6,13.18,293.0,44.7
78,20210525,M02,P013,morning,hand,7346.5,1118.0,1,72.5,12.75,162.2,43.8
79,20211218,M04,P005,central,better,6464.9,2657.9,1,62.7,8.24,315.3,306.0
80,20211212,M07,P001,plant,fast,9591.7,766.6,0,106.3,2.89,329.5,951.3
81,20221101,M01,P006,stage,measure,7401.7,2604.0,0,18.3,6.52,338.6,715.1
82,20240403,M08,P014,hard,ground,1822.6,1589.7,0,55.9,17.23,234.0,178.8
83,20221203,M01,P010,try,board,4863.2,1587.0,0,142.7,11.52,60.4,915.7
84,20230925,M05,P011,American,song,759.9,1427.7,0,131.3,11.96,177.7,379.1
85,20240724,M09,P016,mother,she,6675.3,727.5,0,55.2,2.08,149.6,522.2
86,20200108,M02,P015,under,choose,2420.3,1543.5,1,51.5,12.84,238.0,417.2
87,20200523,M07,P015,lawyer,manage,902.1,2588.2,1,120.5,9.94,476.1,739.5
88,20210518,M06,P012,sort,fact,6784.7,394.7,1,126.4,1.82,449.6,776.0
89,20200928,M06,P003,southern,the,4893.3,257.1,0,120.1,6.24,463.7,32.0
90,20200201,M08,P013,half,family,7456.8,1810.6,0,104.1,6.37,310.3,557.2
91,20220609,M09,P008,already,tax,8525.7,1884.8,0,91.1,17.49,12.3,386.3
92,20230520,M09,P010,indeed,Mr,4365.2,989.4,1,142.2,3.68,252.2,785.6
93,20230602,M05,P015,cover,else,1120.4,1134.3,0,96.4,8.97,213.5,595.5
94,20200405,M05,P003,baby,because,5100.8,2024.0,1,132.5,0.6,281.3,557.7
95,20210509,M09,P011,member,explain,7931.4,2768.4,1,82.4,18.1,211.1,558.3
96,20230523,M07,P002,wide,structure,8262.0,1199.3,1,126.5,5.09,97.2,636.9
97,20210706,M01,P006,actually,law,9195.7,1184.9,0,25.1,3.75,26.2,74.8
98,20221119,M03,P002,rate,paper,8661.5,2459.2,1,113.2,9.61,220.6,475.9
99,20200208,M09,P011,page,young,327.4,1683.3,0,76.2,12.74,207.7,268.1
100,20210202,M09,P002,main,team,8447.6,1743.5,0,137.0,4.82,319.2,521.1
101,20210930,M08,P009,education,head,9674.3,2149.5,0,67.7,9.82,258.4,707.3
102,20240324,M05,P003,first,claim,4223.0,1131.6,0,73.5,17.79,412.3,186.9
103,20230216,M01,P007,war,effort,9511.8,2682.6,1,81.6,10.66,441.5,601.2
104,20211011,M06,P007,win,unit,5072.1,2354.4,1,110.8,19.3,220.4,824.8
105,20210715,M02,P016,relate,enjoy,2467.3,2616.6,1,93.9,14.3,297.2,400.6
106,20200105,M05,P008,public,certainly,2733.6,2419.2,1,93.1,16.61,257.4,732.7
107,20200614,M07,P018,effect,artist,3035.5,2475.1,1,114.8,13.12,122.7,894.7
108,20240828,M07,P003,address,wait,7547.6,1006.8,1,29.7,17.4,330.1,620.0
109,20210314,M04,P016,radio,her,1423.4,1700.5,1,119.6,4.16,13.6,551.7
110,20220903,M05,P004,range,design,5360.7,1967.9,0,109.1,0.57,328.2,766.5
111,20210906,M02,P002,collection,history,4942.4,2760.4,1,2.1,1.11,142.0,474.1
112,20220516,M08,P017,quality,own,443.7,1977.8,1,38.6,9.23,294.3,587.6
113,20200821,M05,P014,might,environment,5082.5,2350.1,1,117.4,12.15,432.0,764.7
114,20200506,M09,P005,knowledge,pull,9658.3,1399.1,1,32.1,2.28,85.2,325.6
115,20220711,M08,P002,yard,eight,8817.8,2085.9,0,26.5,17.15,345.9,472.2
116,20200705,M01,P008,woman,garden,4058.2,354.1,0,72.1,8.07,258.6,595.4
117,20200327,M06,P007,view,specific,7547.6,1929.5,0,60.5,15.44,401.5,745.5
118,20231220,M08,P008,particular,understand,7004.2,2494.5,0,87.4,15.37,207.7,294.5
119,20231228,M06,P011,and,recently,2331.3,455.6,0,103.5,11.2,255.4,239.8
120,20230322,M01,P011,debate,song,8016.3,2909.3,0,61.1,7.84,74.5,424.3
121,20200312,M08,P013,news,free,9899.2,149.3,1,74.6,7.5,496.3,976.7
122,20240610,M02,P006,successful,note,633.9,1557.5,0,134.7,0.2,355.2,379.7
123,20240825,M01,P002,including,carry,3804.4,501.1,0,143.2,18.3,494.2,151.2
124,20210117,M08,P011,sit,respond,3683.8,84.9,1,138.9,12.21,127.6,816.6
125,20200704,M04,P017,understand,moment,5889.7,604.7,1,136.5,10.03,232.7,69.0
126,20210108,M03,P009,until,include,2593.1,2396.5,1,101.9,8.18,430.3,911.2
127,20240412,M07,P012,determine,own,189.3,2321.8,0,139.0,10.54,14.5,264.9
128,20241225,M05,P001,play,example,8257.5,521.6,0,51.5,13.91,50.8,930.7
129,20200207,M08,P004,music,pretty,8642.3,492.8,0,101.9,8.35,39.0,706.5
130,20230720,M02,P001,learn,reduce,144.6,471.7,1,17.4,4.51,399.9,748.8
131,20241230,M06,P016,bring,benefit,4460.4,758.5,0,80.4,6.73,103.8,761.4
132,20220726,M05,P015,benefit,pass,4556.5,1120.8,0,131.8,9.67,471.2,417.4
133,20210309,M05,P004,follow,force,368.2,787.1,0,124.8,18.23,78.3,137.0
134,20230904,M05,P008,minute,over,8876.1,2161.8,0,104.1,8.7,83.7,423.9
135,20200115,M06,P003,accept,individual,8087.2,992.4,0,71.1,9.47,399.2,388.6
136,20200723,M07,P014,strong,oil,6096.6,2157.2,1,56.6,16.91,426.2,487.0
137,20220408,M08,P005,according,table,3225.1,2435.2,1,3.7,9.04,304.5,770.9
138,20210831,M03,P017,serious,rich,7525.7,1305.6,0,9.2,3.7,319.5,167.6
139,20210629,M04,P015,particular,commercial,2105.7,1469.5,1,34.0,19.12,173.4,128.0
140,20220223,M07,P005,move,tonight,4100.2,1990.9,1,79.7,8.18,216.4,21.8
141,20230720,M07,P016,let,star,5300.8,2507.7,1,8.1,8.51,309.3,834.0
142,20231125,M01,P012,out,certainly,6608.9,1909.3,0,121.8,16.86,273.4,720.4
143,20210812,M03,P007,special,operation,738.2,823.9,0,80.9,12.35,186.7,692.7
144,20230302,M01,P007,understand,government,5878.1,1387.3,0,137.1,4.48,374.5,349.9
145,20230206,M02,P007,decade,certain,626.9,2204.9,1,145.6,5.5,349.0,534.1
146,20200103,M01,P002,wide,agreement,2300.6,1959.7,0,133.4,12.36,125.2,954.4
147,20210817,M08,P001,week,off,205.2,1970.7,1,90.0,14.5,114.8,317.8
148,20220116,M03,P013,mission,main,6033.4,1712.3,0,11.2,10.88,166.9,982.7
149,20201014,M02,P002,plan,answer,7230.9,2603.8,1,84.4,13.18,221.3,314.2
150,20220115,M01,P005,service,throw,6358.7,1817.9,0,47.0,15.84,28.4,86.7
151,20220318,M09,P003,car,population,9004.4,1593.1,0,96.8,1.31,76.3,955.8
152,20231024,M04,P002,piece,good,3445.9,2936.8,1,77.2,13.85,152.1,538.2
153,20200124,M01,P002,consumer,style,1330.0,209.9,1,132.9,10.36,113.7,962.2
154,20220412,M05,P004,contain,close,3416.9,1903.5,0,138.9,2.97,5.7,219.6
155,20241024,M05,P013,color,increase,3473.4,970.1,1,48.3,0.74,90.8,103.3
156,20240922,M03,P012,civil,material,2639.9,2058.9,1,10.2,9.95,229.1,686.2
157,20200101,M01,P012,lay,even,665.5,739.7,0,44.7,12.87,90.5,191.5
158,20240911,M07,P002,back,each,8041.3,1432.1,1,36.4,7.53,96.6,821.0
159,20200407,M02,P001,attorney,forget,2517.2,2254.3,1,39.7,16.39,151.6,288.3
160,20230503,M08,P007,take,table,2320.9,821.0,1,147.5,13.49,362.9,397.0
161,20200525,M09,P013,blood,house,1387.5,594.4,0,101.7,13.96,212.6,969.0
162,20230909,M01,P015,side,different,5769.4,1650.5,0,11.7,17.71,206.4,804.7
163,20200618,M02,P002,company,trouble,197.5,2907.9,0,42.7,12.55,52.2,52.7
164,20200122,M03,P018,tough,least,4176.5,792.4,0,11.9,15.04,204.7,601.5
165,20220201,M03,P008,and,herself,2759.4,291.8,1,107.1,17.83,273.4,4.0
166,20201110,M05,P015,arrive,by,3010.3,2333.8,0,101.1,10.08,283.7,403.9
167,20240205,M04,P004,us,final,8257.0,1642.9,0,11.1,1.49,83.9,363.3
168,20240409,M05,P002,open,grow,5484.5,2822.4,0,145.8,4.78,488.0,506.4
169,20240924,M08,P008,model,prove,3100.8,1252.4,1,123.6,1.2,93.4,72.2
170,20221121,M06,P007,source,lawyer,9120.9,615.2,0,22.4,1.83,440.2,91.1
171,20231213,M03,P012,forget,whose,9681.2,2361.5,0,37.5,3.66,383.0,850.2
172,20221030,M04,P017,alone,what,3345.7,1148.2,1,54.7,1.58,302.8,627.0
173,20220302,M04,P013,simple,myself,1564.5,598.8,1,83.6,11.69,282.2,913.7
174,20200731,M01,P004,stock,this,8380.9,2401.1,0,5.6,8.43,232.6,468.9
175,20220804,M02,P015,tax,third,5364.2,2282.5,1,61.0,15.22,325.7,541.0
176,20201021,M06,P017,down,game,8907.9,725.0,0,59.5,12.84,262.5,57.3
177,20201017,M07,P001,let,sign,1068.0,1257.2,0,65.5,15.05,101.9,353.7
178,20221001,M02,P011,doctor,lawyer,9945.1,2016.9,0,28.6,13.49,41.3,324.4
179,20240502,M08,P005,play,administration,6851.7,632.0,1,2.7,12.07,378.0,750.8
180,20220831,M01,P011,mouth,send,9103.0,283.6,0,80.6,19.54,253.2,545.5
181,20240404,M02,P014,audience,south,9147.1,316.1,0,116.8,12.01,461.3,23.9
182,20220512,M02,P019,collection,clearly,9915.5,1031.6,1,144.7,14.12,69.8,720.5
183,20200814,M07,P007,rather,international,4012.6,225.6,1,112.2,4.59,473.8,173.2
184,20240508,M03,P017,fire,bar,7178.7,2716.2,0,23.4,13.85,330.9,806.4
185,20220313,M09,P011,which,common,5522.0,1009.8,1,135.1,13.91,194.3,357.6
186,20220620,M02,P001,cultural,trade,7836.0,2057.3,1,118.4,3.12,493.8,357.0
187,20210903,M01,P005,land,step,6883.1,2331.3,0,6.4,7.59,443.5,768.5
188,20200829,M08,P010,college,news,7433.1,184.4,0,8.6,12.65,168.2,997.3
189,20220312,M08,P001,control,show,4375.5,2171.2,0,126.1,13.89,427.3,604.6
190,20220918,M04,P006,six,way,1089.3,2122.2,0,126.3,12.66,218.2,496.6
191,20220212,M07,P008,nice,ever,3964.2,1055.6,0,144.1,0.12,431.1,153.2
192,20240923,M09,P013,save,seat,8868.6,1505.4,1,129.8,3.55,293.4,967.7
193,20240429,M09,P001,real,bar,2235.8,927.5,0,56.8,14.6,281.8,797.1
194,20240710,M01,P018,project,movie,759.3,2198.7,1,138.0,5.44,408.6,59.6
195,20220405,M07,P007,travel,response,7526.8,2271.3,1,111.7,4.96,243.0,859.0
196,20201031,M02,P004,get,build,3439.0,2992.6,0,58.6,3.77,302.4,889.8
197,20221115,M09,P012,appear,special,1869.1,771.9,0,58.5,14.14,28.7,486.0
198,20231020,M07,P019,hospital,seven,8955.6,870.4,0,70.5,8.44,290.1,345.0
199,20231116,M04,P016,continue,agreement,3345.8,1000.6,0,27.7,7.23,226.3,3.7
200,20200306,M01,P015,practice,recent,8737.1,1552.6,0,107.9,6.61,329.3,348.6
201,20200625,M01,P018,continue,kid,4056.6,957.8,0,125.3,4.68,419.1,429.2
202,20211104,M01,P017,know,budget,6243.3,1887.6,0,31.4,18.1,261.9,616.1
203,20241009,M09,P007,end,Democrat,7822.6,662.0,0,61.3,4.55,370.5,453.4
204,20230311,M07,P002,cold,course,8765.5,1948.2,1,116.3,1.27,212.3,23.6
205,20240716,M01,P011,wall,tonight,8415.1,765.7,0,100.0,12.14,294.9,534.6
206,20220724,M07,P017,buy,commercial,9496.0,2983.1,0,9.8,17.99,154.8,762.4
207,20200502,M08,P015,way,forget,4518.8,13.5,0,114.8,6.51,394.1,284.3
208,20241203,M07,P017,friend,war,8260.0,883.0,1,86.2,0.42,97.3,659.2
209,20230312,M06,P018,hit,first,6525.8,2721.2,1,124.1,9.88,289.5,781.6
210,20240318,M06,P008,sister,affect,6130.9,1510.3,1,144.2,0.87,479.9,962.0
211,20211113,M08,P012,why,realize,7469.5,1183.2,0,19.3,11.55,73.4,493.7
212,20210619,M07,P005,plan,seem,6291.7,2976.0,1,128.7,7.03,9.2,631.3
213,20211105,M06,P003,wide,almost,3102.1,1357.6,0,116.6,3.55,301.5,50.4
214,20200627,M06,P008,not,hot,1971.5,2888.0,0,98.9,6.03,399.1,624.0
215,20200722,M09,P009,price,leader,6790.0,1108.8,1,16.6,15.65,467.7,711.9
216,20220320,M09,P015,final,cup,6199.5,2490.5,0,74.1,2.99,198.5,665.0
217,20220415,M08,P001,set,suggest,4939.5,1471.3,0,38.4,19.36,331.4,378.4
218,20200130,M09,P013,agent,all,8537.5,258.9,0,131.5,3.1,68.7,562.9
219,20240802,M03,P010,executive,nothing,7385.2,1613.6,0,87.7,5.97,222.4,542.5
220,20200608,M01,P009,this,set,7624.8,1676.1,0,81.3,17.61,435.4,413.2
221,20240319,M02,P017,north,as,6714.5,75.8,0,128.0,4.3,429.3,12.3
222,20210430,M01,P013,step,couple,7820.9,248.2,0,65.2,3.4,303.2,188.8
223,20230403,M03,P008,policy,fly,2024.1,2953.2,0,67.1,0.39,481.0,982.5
224,20200624,M03,P018,network,campaign,1607.3,1995.4,0,122.1,7.78,457.9,358.2
225,20230628,M06,P005,sound,eat,9350.7,553.3,1,5.8,15.92,99.3,449.5
226,20220125,M06,P002,sense,hard,2537.9,169.1,0,44.4,5.16,38.3,223.3
227,20240716,M07,P002,enjoy,too,6152.1,2121.3,1,111.1,9.15,201.3,294.7
228,20210916,M04,P010,together,look,1696.5,1887.1,0,68.7,0.34,343.7,356.4
229,20240703,M07,P012,history,especially,5802.9,2620.0,0,68.0,1.91,223.7,881.1
230,20240324,M08,P018,morning,try,7335.8,1348.7,0,48.7,7.86,308.1,131.9
231,20220413,M01,P011,return,high,7076.2,1599.7,1,49.8,0.72,18.4,506.1
232,20210925,M06,P013,sell,million,8002.9,683.1,0,53.5,4.32,293.7,436.6
233,20240701,M02,P009,now,far,5584.3,481.8,1,61.8,2.06,224.0,400.4
234,20241023,M04,P003,result,behind,3720.5,1044.1,0,86.2,16.33,444.5,711.6
235,20200501,M02,P006,quality,design,233.2,679.1,1,1.8,1.45,302.7,347.9
236,20241124,M09,P017,others,report,7620.8,59.7,0,99.8,4.56,162.4,810.9
237,20230316,M07,P011,since,amount,4896.9,278.3,0,106.2,4.93,167.6,235.9
238,20240206,M09,P008,recently,reality,9092.2,1067.3,1,142.2,2.85,59.7,918.9
239,20200503,M04,P009,most,standard,4202.4,2174.3,1,103.2,16.1,162.5,830.1
240,20220607,M08,P006,current,less,9648.4,1279.3,1,2.6,8.48,423.3,317.4
241,20200327,M05,P016,phone,no,2269.4,121.0,1,47.2,12.72,20.8,547.2
242,20230831,M01,P012,out,staff,281.0,935.4,1,7.7,14.84,160.9,189.0
243,20240913,M03,P005,about,ability,6694.1,234.3,1,85.7,9.27,88.4,239.8
244,20241019,M09,P004,study,sound,3998.6,719.5,1,97.8,9.61,238.9,521.7
245,20230716,M02,P016,wear,realize,3978.5,2672.2,0,35.4,10.08,366.0,452.3
246,20220512,M01,P019,nothing,act,682.5,414.0,0,112.7,13.09,422.5,493.8
247,20220518,M02,P011,performance,floor,7263.6,986.3,1,42.5,12.18,458.8,25.5
248,20230203,M08,P010,attack,throw,6292.6,1072.3,0,51.3,9.76,432.1,317.3
249,20231130,M06,P016,than,interesting,1277.6,68.3,0,65.4,0.33,425.0,220.9
250,20210309,M03,P016,collection,our,9316.8,2804.3,0,58.3,11.78,50.1,149.1
251,20220122,M02,P005,bring,cost,2100.7,1696.3,0,99.8,6.01,155.8,853.0
252,20231216,M01,P012,care,strategy,8759.7,1807.2,0,33.1,0.43,309.0,991.9
253,20230414,M06,P013,three,full,7617.4,561.0,1,123.7,13.64,217.9,689.1
254,20201010,M08,P006,single,other,9291.7,467.9,1,6.4,15.4,48.6,941.4
255,20210724,M05,P019,short,use,6214.3,1620.6,1,42.8,8.0,464.3,350.3
256,20230121,M01,P017,matter,name,5925.2,2393.8,0,87.8,3.28,34.7,12.5
257,20230429,M07,P008,consider,form,1413.8,2312.7,1,120.7,19.21,356.7,287.5
258,20220114,M06,P011,exactly,surface,1864.8,1099.2,0,42.0,2.81,215.3,774.3
259,20240820,M04,P001,thousand,imagine,6592.2,2587.0,1,73.7,10.91,408.1,798.9
260,20220829,M03,P012,card,six,9004.5,2689.8,0,21.0,3.83,248.9,45.8
261,20210930,M01,P011,mouth,sport,1035.9,1179.4,1,3.5,2.4,290.7,218.4
262,20220828,M03,P002,let,magazine,4438.8,708.4,1,66.2,10.32,443.6,171.4
263,20200108,M08,P013,degree,include,1547.7,1271.8,0,68.3,8.74,386.9,353.0
264,20211001,M08,P007,space,product,2292.3,338.8,1,54.2,1.12,364.3,766.5
265,20200320,M07,P011,other,since,9864.0,413.4,1,6.0,8.67,203.2,214.8
266,20231107,M07,P019,special,more,6505.5,2903.2,1,115.0,3.99,170.2,574.7
267,20210827,M06,P010,reach,activity,3134.1,1358.1,1,86.0,13.9,370.1,293.1
268,20201008,M08,P018,themselves,pick,4827.1,277.6,1,131.5,15.09,158.3,368.5
269,20210331,M09,P010,reveal,marriage,4051.9,1408.7,0,18.0,4.31,390.4,418.9
270,20210101,M09,P010,energy,course,4195.8,1343.1,1,117.1,12.4,274.2,800.7
271,20240811,M02,P019,popular,difficult,154.4,1184.5,0,76.5,10.88,377.4,886.3
272,20210315,M04,P003,can,world,482.8,2273.6,1,146.9,13.07,346.2,697.2
273,20231231,M01,P013,body,Democrat,7254.5,2605.3,1,80.2,9.04,284.4,592.9
274,20220521,M08,P019,century,near,8441.6,991.1,0,53.1,2.83,136.1,232.4
275,20220719,M07,P008,agency,general,4406.3,192.3,1,99.3,2.26,222.6,683.4
276,20240405,M01,P014,imagine,beat,2091.1,2855.8,1,57.2,3.43,255.5,994.9
277,20240720,M04,P009,right,contain,6590.6,1175.0,1,138.0,8.82,36.0,187.3
278,20211021,M05,P016,smile,similar,3187.4,1157.2,0,34.3,2.56,180.2,872.8
279,20200929,M07,P017,effect,prove,2818.7,2180.3,1,14.7,5.62,54.2,438.3
280,20220717,M01,P001,reveal,not,5811.6,2413.2,1,110.6,12.64,169.5,10.8
281,20240404,M02,P004,hundred,change,2867.2,1841.5,1,141.6,12.3,443.8,101.8
282,20210124,M05,P003,say,news,3378.4,1288.6,1,90.2,6.17,75.6,371.8
283,20220730,M01,P010,charge,strategy,9064.9,1660.9,1,39.4,9.56,261.6,964.2
284,20230621,M09,P007,film,hundred,9335.3,1401.8,1,95.2,12.34,365.2,467.4
285,20241106,M08,P012,condition,wide,1613.2,517.4,1,137.1,1.08,88.0,301.0
286,20230528,M08,P017,care,hope,1947.3,1356.6,0,9.2,6.09,269.3,913.4
287,20210803,M03,P013,hour,usually,9624.8,234.7,0,62.7,6.53,39.2,79.3
288,20230721,M08,P018,education,sound,4192.8,761.5,0,19.4,6.47,65.8,66.8
289,20230924,M08,P008,memory,each,7227.9,2949.4,1,131.1,16.42,63.3,643.9
290,20230721,M07,P008,dinner,become,5021.5,163.2,1,99.6,13.86,226.9,953.8
291,20211218,M01,P002,heavy,management,3653.6,1607.2,0,103.6,0.67,436.5,450.3
292,20220715,M06,P012,understand,budget,2087.2,2601.3,0,122.7,18.49,193.9,707.0
293,20200930,M09,P013,agent,pattern,7760.9,2120.1,0,139.2,12.89,76.2,77.9
294,20230725,M02,P017,six,table,5211.9,540.9,1,114.0,3.53,135.8,333.6
295,20230311,M07,P016,suddenly,who,7741.6,2254.6,1,51.8,10.28,117.6,614.2
296,20211014,M05,P018,institution,toward,4032.4,1522.6,1,2.4,3.47,282.0,424.7
297,20210904,M01,P008,nor,like,5158.5,197.5,0,141.1,11.47,361.5,719.3
298,20240312,M02,P011,board,city,196.9,1277.5,1,114.0,11.91,192.1,252.0
299,20230724,M07,P019,big,place,1744.2,2013.2,0,115.7,10.13,394.9,158.9
300,20210618,M06,P002,behavior,personal,8949.6,375.7,1,0.6,12.83,492.1,861.7
301,20230516,M05,P009,city,think,8950.8,1208.9,1,7.7,13.69,265.3,403.1
302,20211114,M02,P017,society,from,8373.6,1003.4,1,74.9,12.64,162.2,268.2
303,20221105,M01,P011,society,professor,2650.4,1297.4,1,136.7,0.01,482.1,276.9
304,20231123,M04,P007,take,voice,5628.6,2394.5,0,40.1,19.95,353.7,376.0
305,20221229,M05,P006,hot,seek,8179.9,1595.2,0,79.0,6.74,99.9,561.4
306,20221228,M04,P007,cell,she,6902.4,2146.0,1,10.9,12.46,360.5,656.1
307,20210503,M07,P012,minute,hope,1699.4,2492.5,1,66.9,8.43,1.5,545.9
308,20221126,M05,P005,plant,service,1365.3,1933.1,1,16.9,4.29,59.0,527.8
309,20210521,M08,P011,dog,identify,2288.4,1671.1,0,147.9,2.0,262.3,391.5
310,20220201,M09,P017,two,recognize,7379.8,1773.5,1,64.0,13.01,385.5,710.0
311,20241114,M01,P002,police,challenge,3151.2,1500.2,1,91.1,15.1,487.8,493.1
312,20210822,M07,P009,friend,write,2030.4,1259.7,0,124.0,7.45,300.3,113.8
313,20221120,M07,P016,single,miss,9160.3,1683.2,1,47.7,14.74,435.9,729.9
314,20221024,M03,P018,he,right,560.3,738.5,1,98.2,2.68,451.0,396.9
315,20240824,M07,P016,ten,offer,4892.9,1319.0,1,19.5,9.21,66.9,737.2
316,20210116,M01,P003,everyone,article,4380.0,261.9,1,29.5,14.95,458.8,180.4
317,20210610,M07,P016,early,billion,2804.2,2851.5,0,130.7,10.88,128.0,965.0
318,20200917,M06,P006,place,husband,1756.7,741.6,0,63.7,7.6,147.2,843.8
319,20200605,M06,P019,describe,parent,1352.9,2498.0,0,23.7,7.45,142.3,28.0
320,20200308,M08,P019,know,interesting,4226.2,419.6,0,146.2,12.54,303.5,470.4
321,20231122,M06,P018,cover,whatever,6589.5,2994.9,0,146.3,8.91,416.8,519.4
322,20230906,M02,P002,despite,allow,7545.3,2075.2,0,148.2,3.58,234.0,867.4
323,20220708,M07,P011,she,language,1775.0,2199.6,0,18.8,9.09,491.9,470.2
324,20210416,M06,P019,study,third,3382.7,1630.8,1,113.6,9.37,352.7,422.0
325,20200516,M05,P017,beautiful,there,9404.4,1916.0,1,47.1,8.43,130.9,783.1
326,20200921,M06,P003,quality,himself,1595.6,1236.6,0,58.4,18.95,224.5,892.3
327,20241029,M04,P018,base,yeah,3512.7,738.3,0,61.2,13.98,332.7,905.1
328,20221001,M04,P005,again,gas,8261.7,220.5,1,33.3,0.59,448.7,498.1
329,20240611,M06,P018,building,capital,9894.9,2222.5,1,18.3,1.79,466.6,440.9
330,20221228,M07,P003,practice,young,7505.8,1678.5,1,14.1,15.9,175.3,652.4
331,20200714,M04,P011,sound,air,6506.1,2650.6,0,130.8,18.69,225.6,593.0
332,20231121,M07,P015,evening,art,1066.0,870.0,1,100.6,4.56,288.0,655.1
333,20220512,M09,P016,rest,ok,2420.0,228.0,1,118.9,3.14,463.2,741.5
334,20240725,M03,P019,set,house,5524.3,1829.3,0,100.8,2.38,304.5,311.4
335,20230424,M06,P018,big,well,3904.0,156.2,1,3.4,10.54,7.9,730.6
336,20221015,M01,P011,financial,throw,9464.2,2682.4,1,25.5,9.14,10.3,353.7
337,20230804,M05,P018,country,citizen,2563.7,400.0,0,76.8,11.82,424.3,589.0
338,20210913,M05,P012,here,room,8869.1,2976.1,0,20.6,9.72,404.2,31.1
339,20240627,M04,P003,simply,yeah,3211.3,1513.0,1,47.2,4.47,125.6,21.2
340,20200323,M07,P018,story,rule,4955.9,507.7,1,127.0,10.68,281.1,739.8
341,20241101,M06,P018,reality,instead,1887.0,2414.8,0,43.8,13.08,302.0,252.6
342,20240114,M02,P016,study,local,2118.2,1812.7,0,68.9,0.27,359.8,735.1
343,20211224,M04,P018,likely,prevent,555.2,1868.4,0,75.8,11.09,246.7,631.5
344,20220405,M04,P005,quality,situation,8000.8,838.9,0,137.3,7.79,74.2,879.7
345,20220923,M07,P005,very,population,9396.7,770.5,0,114.2,7.67,344.1,278.3
346,20210127,M03,P006,just,for,1580.6,2794.9,1,105.0,10.92,418.6,629.1
347,20220326,M08,P017,including,positive,2241.2,1389.5,0,139.0,11.38,458.9,209.3
348,20220807,M02,P012,part,always,6492.0,1770.3,0,64.7,9.76,371.5,614.6
349,20201124,M07,P004,whom,recognize,741.1,686.4,0,29.3,14.14,426.3,736.6
350,20201206,M03,P006,military,person,1367.7,1482.7,1,104.7,9.47,214.5,902.1
351,20230625,M06,P009,according,can,1558.2,190.7,0,114.2,11.6,226.7,291.8
352,20220104,M06,P003,person,see,2052.1,624.1,0,41.0,4.26,357.1,544.8
353,20230207,M07,P011,back,decision,1145.8,1799.4,0,80.3,15.72,354.6,812.6
354,20240810,M01,P016,security,official,1279.7,2524.6,0,91.8,15.08,130.5,931.8
355,20210807,M02,P010,sport,produce,8340.7,2940.5,1,92.9,5.24,307.3,245.5
356,20240127,M08,P016,offer,onto,811.2,2337.6,0,115.2,18.53,367.0,140.5
357,20240829,M04,P017,money,church,8012.0,1517.2,1,124.2,14.62,390.5,499.1
358,20211130,M09,P012,floor,ready,104.1,169.4,1,22.1,18.52,236.1,581.7
359,20210601,M01,P012,yeah,many,5747.4,511.1,1,84.4,0.9,73.6,710.1
360,20241125,M01,P004,face,exactly,3572.2,1557.7,1,3.2,6.25,52.2,361.5
361,20231129,M02,P019,important,safe,3841.1,2862.2,0,5.8,1.24,460.1,536.8
362,20220318,M02,P009,human,before,8035.0,1135.5,1,120.0,0.41,424.7,495.5
363,20230119,M09,P013,some,hit,5041.0,454.0,0,36.2,19.13,7.4,938.7
364,20231221,M07,P017,center,buy,2606.7,1374.4,0,92.8,15.65,336.5,869.8
365,20240425,M02,P003,yourself,read,4399.3,1685.1,1,126.8,1.71,69.7,753.5
366,20240531,M09,P019,young,skin,8131.4,538.4,1,128.1,13.65,373.5,358.8
367,20230708,M06,P008,father,charge,4987.0,1808.9,0,135.2,12.63,314.4,569.4
368,20230508,M09,P007,off,call,6379.4,18.2,0,128.4,0.72,118.2,176.8
369,20211006,M02,P002,evidence,base,7444.5,1545.9,1,93.0,11.52,388.7,409.7
370,20201010,M05,P016,she,name,9302.6,2920.6,0,51.9,10.24,69.7,807.8
371,20230906,M05,P016,laugh,imagine,6884.1,662.5,0,25.1,16.52,4.5,794.5
372,20220502,M08,P001,black,practice,2253.5,2204.9,1,110.5,4.79,313.7,495.8
373,20200212,M03,P003,dog,sometimes,9501.1,18.6,0,123.7,17.45,280.7,768.0
374,20220910,M09,P006,dream,assume,2544.8,483.8,0,33.7,3.69,204.0,194.5
375,20220309,M01,P019,kid,visit,8850.5,2054.1,0,60.5,6.8,405.9,394.7
376,20200312,M02,P003,note,despite,2550.9,2140.8,1,35.8,15.93,482.5,243.4
377,20210527,M09,P018,job,involve,7182.3,194.0,1,38.7,18.79,256.7,327.9
378,20220926,M04,P009,million,participant,3583.5,329.7,0,10.0,4.74,445.7,414.5
379,20220603,M03,P018,now,share,4531.6,1193.5,0,144.0,0.54,206.7,362.8
380,20240118,M08,P003,determine,join,6071.3,1212.0,1,34.7,5.59,197.2,473.9
381,20210627,M03,P017,red,manage,7668.1,1798.0,1,128.5,19.58,269.1,224.0
382,20200215,M01,P002,response,under,2226.3,1469.9,1,120.8,3.03,18.8,657.8
383,20231223,M09,P005,book,eight,8846.8,2299.1,1,46.2,14.91,415.7,693.5
384,20210306,M03,P019,ago,management,6790.2,386.2,1,61.6,12.33,74.7,310.8
385,20221003,M09,P011,recently,never,2151.8,2061.8,1,69.2,8.74,295.8,226.1
386,20240507,M09,P011,face,civil,6270.0,467.2,0,7.3,17.69,81.7,831.3
387,20220327,M06,P010,part,black,4456.6,1484.8,0,108.1,1.15,234.4,841.8
388,20200512,M02,P018,its,several,6087.4,525.6,1,139.3,10.31,69.0,424.5
389,20200710,M06,P005,onto,nor,5128.7,2849.2,0,50.8,0.09,299.6,867.4
390,20211123,M09,P009,per,police,9849.0,2147.6,1,99.8,8.35,452.5,729.3
391,20220222,M04,P004,eat,every,916.5,1797.6,0,55.0,14.33,336.0,851.1
392,20200720,M05,P019,according,detail,6219.2,1438.9,0,98.8,11.28,82.3,103.6
393,20240302,M06,P012,window,generation,8965.7,1113.3,1,121.7,4.95,180.2,86.8
394,20210826,M02,P010,even,next,1104.6,250.4,1,61.5,1.12,449.7,594.3
395,20220208,M03,P008,yes,section,6653.4,443.5,0,108.2,0.35,186.5,586.3
396,20220714,M08,P003,behavior,including,7757.1,1232.6,0,80.6,10.76,54.6,222.6
397,20221014,M07,P015,project,project,8950.4,2403.5,1,15.1,12.54,291.4,32.3
398,20220313,M01,P017,trial,score,7236.4,2277.2,1,14.4,1.2,445.9,846.2
399,20210218,M07,P019,cold,community,5720.3,1352.7,1,36.2,5.77,271.5,960.5
400,20200719,M09,P019,official,part,4517.0,754.4,0,133.6,19.88,180.2,119.1
401,20240129,M03,P013,free,drive,3964.0,2457.2,1,50.4,17.51,268.9,242.5
402,20211016,M05,P003,own,let,8620.8,546.7,1,127.6,5.86,170.5,375.0
403,20221204,M03,P012,sense,choose,5474.1,306.6,0,88.8,18.06,16.6,157.2
404,20230731,M01,P012,effect,season,5979.8,263.8,0,2.4,9.8,49.1,802.4
405,20230602,M04,P019,third,administration,9306.5,1045.2,0,122.3,2.18,217.8,422.8
406,20231031,M07,P016,pressure,drop,1253.7,1434.0,0,54.5,6.76,277.7,965.5
407,20220307,M02,P005,hear,whom,5664.8,226.2,1,116.4,3.64,153.0,109.4
408,20221010,M09,P014,again,lawyer,2938.0,1036.3,1,99.9,14.4,76.6,54.2
409,20211004,M01,P010,ready,minute,8592.4,2184.7,0,14.9,2.26,418.0,541.9
410,20220324,M03,P005,role,central,4713.2,1924.1,0,75.1,12.46,283.0,110.2
411,20240525,M04,P004,season,anything,7370.1,2865.5,1,141.1,17.17,100.5,413.7
412,20230904,M05,P005,feeling,bit,432.2,2095.1,0,119.0,8.04,419.6,10.4
413,20240129,M08,P009,anything,actually,2204.6,1066.3,1,38.3,19.2,346.6,783.8
414,20231130,M03,P017,speech,story,6659.7,1195.1,1,129.7,4.32,372.8,779.2
415,20221112,M08,P013,court,tax,2575.4,1451.1,1,103.0,0.53,288.4,798.4
416,20200928,M04,P018,two,red,2873.7,762.8,1,106.0,17.32,429.0,738.0
417,20240219,M01,P018,store,today,2206.9,2457.2,0,38.4,4.35,231.6,175.3
418,20211102,M01,P018,story,even,8718.6,1482.3,1,91.5,7.89,341.0,401.9
419,20200501,M04,P003,music,relate,3121.0,2765.3,0,147.9,9.28,400.9,912.2
420,20240915,M04,P003,agree,economic,4462.9,234.8,0,68.5,3.69,450.2,874.1
421,20221103,M03,P001,agency,wide,9057.8,2313.6,0,41.6,5.75,416.4,328.6
422,20220820,M01,P011,Democrat,carry,2736.1,2936.6,0,27.6,19.23,175.8,100.0
423,20210908,M05,P004,just,agreement,7707.3,2472.3,1,11.6,3.17,258.9,892.1
424,20200824,M06,P016,kitchen,structure,2281.7,1704.9,1,18.0,4.38,444.1,579.0
425,20201218,M08,P018,task,human,5104.8,1817.8,0,3.2,9.31,90.0,332.8
426,20201216,M09,P001,follow,television,2606.0,2799.5,0,84.1,9.91,221.2,684.6
427,20230111,M04,P019,easy,low,4897.4,2698.5,0,103.2,11.46,271.1,145.4
428,20240527,M09,P012,production,finish,1715.7,1119.6,0,147.1,15.7,100.7,685.5
429,20210929,M08,P018,day,those,5270.1,988.8,0,101.5,11.21,461.5,898.2
430,20200607,M08,P017,his,itself,8468.3,276.4,0,52.9,17.99,237.3,925.5
431,20240210,M05,P013,whom,knowledge,8249.4,2977.0,0,99.0,15.88,226.4,782.2
432,20220109,M06,P003,however,unit,6582.7,1598.2,1,36.7,9.69,334.7,462.2
433,20241217,M08,P011,politics,TV,1717.1,1078.5,1,8.9,3.89,64.5,645.6
434,20220511,M02,P005,according,state,9823.2,1130.3,0,45.6,10.94,40.4,443.3
435,20210115,M03,P019,politics,around,5524.1,1735.7,1,58.5,16.78,110.5,696.1
436,20241029,M01,P002,sometimes,from,1152.0,1837.2,1,59.5,3.9,446.5,991.0
437,20211005,M07,P005,everyone,others,9365.8,1972.1,0,130.7,17.39,375.2,740.0
438,20240417,M08,P018,decade,some,4566.2,2042.9,0,45.4,16.66,250.6,359.9
439,20230726,M07,P015,own,special,7754.4,2735.2,0,75.0,9.78,399.9,178.7
440,20220808,M07,P004,miss,employee,1842.9,2310.9,1,32.9,6.93,11.5,203.8
441,20230412,M05,P004,account,far,9877.3,909.2,1,8.9,14.72,125.9,394.1
442,20200405,M03,P010,town,success,5178.1,1447.4,0,78.4,14.36,312.9,687.7
443,20210410,M06,P011,Republican,dog,6754.4,521.9,1,97.3,6.24,185.5,482.9
444,20230104,M05,P005,audience,sit,8798.9,596.7,0,24.7,0.98,132.1,806.5
445,20221130,M04,P007,keep,toward,3047.8,2581.2,0,101.9,3.3,247.9,361.1
446,20230719,M05,P005,program,before,1470.3,1802.2,0,89.7,12.4,352.3,741.1
447,20221114,M05,P014,out,claim,1632.0,181.0,0,116.1,4.98,381.8,372.3
448,20200918,M05,P011,the,movement,7697.0,1124.8,1,122.9,18.6,418.1,210.4
449,20240123,M09,P017,team,model,350.4,2933.5,0,27.5,18.13,362.9,768.3
450,20231113,M09,P016,go,design,1667.8,1271.2,1,139.4,16.73,55.4,932.1
451,20231008,M03,P008,phone,image,4048.0,2485.7,1,26.5,1.11,484.1,7.9
452,20231012,M07,P017,business,serious,4745.2,2314.5,0,111.8,13.21,35.7,824.7
453,20220413,M01,P002,white,too,8825.9,639.6,1,15.1,6.2,393.3,836.0
454,20211006,M03,P014,you,year,430.1,1948.6,0,38.5,11.97,374.1,436.4
455,20210423,M06,P001,get,risk,2669.8,2804.7,0,132.3,12.09,177.2,594.1
456,20220220,M03,P003,begin,image,3588.7,1664.2,0,67.5,16.79,452.2,775.7
457,20220408,M09,P003,start,east,6102.6,2843.2,1,33.6,5.08,385.7,784.5
458,20231109,M07,P008,food,owner,7396.0,87.7,1,22.9,11.6,31.6,852.5
459,20200329,M08,P002,difficult,foot,7746.6,344.1,1,123.9,14.79,441.3,589.0
460,20221014,M08,P005,week,nothing,9649.7,89.5,0,19.7,8.99,65.8,861.8
461,20230921,M09,P004,under,usually,1238.7,2524.3,1,122.0,16.79,426.8,924.5
462,20220302,M08,P007,I,tough,4249.7,1535.4,0,42.0,2.19,70.6,850.1
463,20200505,M09,P007,area,career,3435.8,1421.0,0,84.8,11.55,0.6,616.6
464,20210923,M01,P009,left,deal,8980.7,2152.8,0,76.3,10.96,477.3,664.3
465,20240724,M05,P007,expert,safe,2970.6,917.4,1,101.2,13.46,78.0,196.0
466,20201025,M07,P001,decision,less,8336.7,2484.4,0,128.9,16.07,19.5,803.0
467,20231116,M03,P002,spring,argue,5078.5,4.0,0,131.1,18.75,222.2,271.8
468,20210112,M02,P005,of,hour,582.8,315.4,1,131.8,14.96,219.8,450.0
469,20240131,M09,P009,consumer,thousand,335.7,757.7,1,119.9,12.93,54.6,322.3
470,20240117,M07,P017,candidate,wait,4727.3,439.1,1,115.7,7.18,314.3,196.4
471,20201226,M08,P004,actually,friend,3203.3,779.6,0,99.7,5.62,394.4,549.5
472,20230422,M03,P001,drive,thing,5838.9,2103.6,0,131.7,11.97,370.1,332.7
473,20200325,M05,P006,fine,nice,5191.3,559.6,0,16.3,0.21,207.3,663.8
474,20230418,M02,P010,school,lawyer,5061.6,2198.9,0,135.2,10.35,368.8,417.4
475,20210216,M02,P018,team,born,6300.9,685.3,1,88.3,3.05,214.8,492.4
476,20240710,M05,P019,defense,mind,1975.0,1012.6,0,72.9,11.87,274.3,787.0
477,20230606,M05,P002,player,would,4914.4,333.4,1,139.3,5.61,72.7,651.8
478,20200604,M04,P006,trial,though,3010.8,2983.7,0,97.5,3.6,180.8,231.1
479,20240823,M06,P004,compare,response,1944.9,1023.0,0,149.5,19.75,100.4,405.0
480,20230513,M03,P003,mind,Mrs,3764.9,2400.6,1,24.5,2.08,224.6,915.8
481,20240502,M05,P014,value,kid,8010.5,1096.8,1,56.7,12.08,152.7,420.5
482,20201010,M07,P003,remain,commercial,4493.6,2618.3,0,85.3,9.57,29.3,368.4
483,20220918,M04,P018,top,level,4124.6,2688.2,1,66.5,2.68,25.7,992.5
484,20220305,M07,P015,something,major,250.4,1392.8,1,95.3,3.4,146.2,861.3
485,20221114,M09,P005,similar,pull,5303.7,538.5,1,123.9,13.08,156.4,186.8
486,20210128,M04,P005,involve,concern,8728.7,51.8,1,130.5,4.08,82.6,920.9
487,20230907,M03,P016,experience,lead,1655.1,238.8,1,4.2,16.56,345.7,536.5
488,20220923,M03,P012,study,feel,5970.5,315.7,0,56.8,5.61,127.4,62.8
489,20220306,M09,P013,consumer,involve,712.7,656.1,0,113.8,19.48,19.8,258.6
490,20241028,M02,P006,there,collection,6916.3,2782.2,0,34.3,19.0,284.9,940.6
491,20240514,M01,P017,play,far,7998.5,2166.5,1,58.3,8.96,362.6,772.0
492,20230327,M02,P002,leave,run,6484.0,2410.2,0,58.5,18.18,257.8,264.5
493,20230808,M07,P001,piece,key,153.1,172.9,1,69.0,19.19,48.5,324.4
494,20230328,M05,P017,decision,trouble,775.2,1098.8,1,148.2,2.22,170.2,652.4
495,20240722,M08,P015,civil,good,7239.1,837.5,0,55.4,0.76,108.9,283.2
496,20241031,M09,P008,senior,tonight,2250.4,1428.0,1,126.9,12.75,366.5,247.1
497,20200322,M09,P001,between,show,8429.0,2887.4,0,49.2,6.83,303.2,416.4
498,20240721,M05,P017,pull,never,7463.6,1922.1,1,6.3,8.69,301.8,97.4
499,20240503,M07,P016,prevent,doctor,668.0,1845.7,1,65.7,15.68,45.0,463.0
500,20220428,M09,P012,nearly,base,7724.4,2067.0,1,49.3,5.62,76.0,274.8
501,20200808,M02,P010,fly,writer,8762.3,872.1,0,140.6,18.65,375.3,99.5
502,20230602,M04,P013,exist,growth,2090.1,381.5,0,26.2,18.11,62.9,362.6
503,20230710,M02,P009,organization,without,4598.6,348.9,0,45.0,4.35,198.9,428.9
504,20201224,M02,P010,task,she,9047.8,364.2,0,58.5,16.81,450.9,137.3
505,20200412,M03,P010,church,add,3227.5,156.0,1,27.4,11.74,133.0,885.9
506,20230918,M04,P015,provide,investment,1985.3,1599.0,1,56.1,9.48,388.7,803.2
507,20241112,M01,P005,author,management,9177.9,717.1,1,50.0,3.72,382.2,700.8
508,20200119,M06,P006,those,pull,7837.0,1405.0,0,33.0,0.23,392.3,510.6
509,20240722,M04,P008,agree,clearly,3847.3,801.5,1,13.6,9.12,251.6,241.0
510,20210902,M04,P009,focus,billion,5451.7,2352.3,1,77.8,16.73,88.1,51.2
511,20240602,M01,P009,would,song,5204.2,334.6,1,5.3,1.34,185.9,129.4
512,20200820,M09,P009,factor,pressure,9704.8,2877.3,0,39.5,2.86,413.6,481.0
513,20230501,M07,P007,never,nothing,2199.9,1631.1,0,150.0,4.19,200.4,88.1
514,20230224,M06,P012,hundred,help,5393.7,2006.0,1,130.7,7.16,342.8,742.9
515,20210913,M09,P017,after,mean,5077.0,2313.0,0,94.2,3.71,58.5,235.2
516,20240916,M02,P005,floor,staff,8534.7,1040.3,0,97.2,11.74,187.3,981.6
517,20200303,M01,P014,page,five,4984.9,1183.3,1,103.4,15.3,355.8,286.7
518,20240915,M05,P010,part,win,3732.5,2585.0,1,96.0,17.33,1.1,626.4
519,20200326,M03,P001,on,four,5464.9,831.6,0,9.3,7.26,179.3,906.0
520,20200406,M03,P009,line,certainly,5650.9,140.1,1,49.4,11.6,333.4,938.4
521,20200731,M04,P001,ever,sure,571.1,2072.8,0,110.3,12.12,331.9,726.7
522,20230504,M01,P017,term,example,6865.3,147.1,1,134.2,1.93,222.4,422.0
523,20220315,M04,P002,us,perform,9269.7,1298.4,1,44.0,9.84,211.8,671.8
524,20220904,M04,P003,hold,affect,1709.7,2863.9,1,126.6,5.41,87.0,302.2
525,20231220,M03,P010,look,blue,1982.7,2628.5,0,1.0,14.71,436.2,555.7
526,20211005,M01,P017,month,paper,4601.1,845.1,1,106.6,18.96,385.3,404.3
527,20201024,M09,P003,relationship,central,3526.1,1571.2,1,26.2,19.04,497.3,72.1
528,20211221,M04,P012,prove,travel,9472.4,2457.7,0,39.8,1.05,431.2,27.1
529,20231126,M06,P009,green,window,2359.1,2181.7,1,147.8,16.95,182.0,240.5
530,20211112,M04,P010,address,tax,2921.4,765.9,1,47.1,8.37,327.9,366.4
531,20230601,M03,P006,treatment,difference,3671.5,499.7,0,85.1,1.77,390.1,659.4
532,20230520,M06,P007,create,anything,1602.6,1104.8,0,148.0,18.31,361.0,429.7
533,20200823,M07,P012,course,east,1460.8,2675.7,1,110.5,18.99,293.8,83.8
534,20210810,M06,P017,sign,catch,8975.6,807.8,1,140.0,2.08,235.3,330.4
535,20201016,M04,P010,door,according,2277.4,400.0,1,121.2,10.55,275.5,240.4
536,20241124,M02,P018,model,understand,458.8,876.5,0,2.9,13.02,484.3,878.7
537,20231027,M05,P012,finish,skin,5749.7,2973.6,0,82.5,16.88,416.7,925.1
538,20240627,M03,P014,senior,so,5479.1,486.2,0,22.8,6.84,239.7,735.6
539,20230304,M08,P001,close,thank,1980.9,368.0,0,105.1,16.74,232.9,791.2
540,20211026,M06,P013,traditional,example,9077.4,2033.2,1,41.5,2.12,143.3,737.9
541,20200430,M07,P008,fly,who,7226.4,2756.6,0,95.7,12.76,291.6,201.6
542,20230930,M06,P014,consumer,data,7999.8,1507.0,1,148.3,2.95,207.6,472.0
543,20240122,M04,P011,world,decision,9112.3,1321.1,1,108.8,1.73,95.1,16.8
544,20230226,M07,P018,reveal,against,2942.9,2886.9,1,64.3,16.46,242.7,194.9
545,20210125,M08,P017,institution,concern,825.9,1546.7,0,64.6,0.63,316.4,980.7
546,20210701,M08,P018,new,think,5968.7,458.5,1,77.4,6.82,81.6,5.2
547,20210410,M01,P016,work,language,9675.2,1953.3,0,94.4,11.06,203.1,554.9
548,20220302,M05,P019,fear,very,3759.2,2736.4,1,26.4,9.64,290.9,314.0
549,20201121,M03,P010,control,easy,9391.4,672.6,0,141.6,16.09,391.7,195.8
550,20220228,M07,P005,be,bank,2679.3,1796.6,1,121.2,18.94,156.0,145.5
551,20231113,M03,P017,offer,citizen,8831.2,451.8,0,19.4,12.71,483.1,191.7
552,20240705,M07,P006,several,film,1736.8,2651.0,1,132.9,19.77,99.6,386.4
553,20240909,M04,P004,us,remember,5617.8,1706.8,1,83.1,1.22,225.9,643.9
554,20200522,M07,P009,class,return,9464.5,1561.1,0,49.0,19.4,8.5,378.9
555,20230306,M03,P003,social,those,424.4,2815.8,1,78.2,7.68,328.9,361.8
556,20201021,M05,P005,Mrs,course,5991.2,1738.1,0,51.4,6.25,257.4,60.3
557,20230407,M04,P019,decide,house,1294.1,2055.5,0,38.3,10.27,217.7,35.4
558,20240730,M08,P011,show,when,5232.2,1618.9,1,92.1,11.52,144.7,801.6
559,20220820,M06,P010,return,cup,3446.2,2250.8,1,46.4,1.6,355.4,229.8
560,20231012,M07,P016,analysis,pick,3999.6,721.7,1,28.3,18.72,462.2,419.4
561,20200402,M08,P008,they,light,9520.5,463.3,0,46.0,18.42,375.2,518.2
562,20240105,M06,P016,cost,wonder,574.5,2917.5,0,147.0,15.32,406.6,410.0
563,20210917,M09,P015,than,home,9234.4,1355.6,1,99.2,0.77,403.3,707.7
564,20200420,M08,P018,teach,approach,1534.5,2915.5,1,3.2,12.11,397.0,948.2
565,20220211,M08,P011,huge,budget,4203.1,2082.4,1,16.6,1.25,354.9,522.4
566,20210615,M06,P004,over,knowledge,9246.6,579.2,1,58.0,4.11,104.2,557.3
567,20200523,M05,P003,either,amount,9821.6,397.6,1,58.6,15.77,163.1,358.1
568,20240510,M02,P005,front,early,8168.6,2373.2,0,100.7,17.58,470.3,27.3
569,20220116,M07,P014,explain,how,5953.6,2681.0,0,101.4,16.62,310.1,995.8
570,20200123,M02,P019,different,bit,8738.3,357.9,1,66.7,13.02,404.7,780.6
571,20230426,M02,P016,subject,ahead,1697.7,2137.9,1,71.0,19.05,384.7,943.7
572,20241118,M02,P012,community,professor,6087.9,799.0,0,134.6,8.83,316.9,572.4
573,20231129,M01,P018,option,information,727.1,2697.3,1,118.6,10.0,403.1,827.4
574,20230330,M07,P010,business,difference,121.2,2208.3,1,92.9,14.04,160.8,216.2
575,20240114,M01,P013,measure,we,607.4,1576.6,1,27.5,10.52,374.6,824.2
576,20211019,M09,P016,amount,cause,4836.5,378.0,0,111.0,1.47,62.2,366.3
577,20220125,M04,P016,court,special,2444.4,2788.3,0,2.8,16.74,392.0,805.8
578,20210813,M09,P011,represent,later,8838.4,2517.5,1,127.2,5.3,310.3,609.6
579,20230214,M09,P006,live,space,4788.1,1261.1,0,53.9,5.67,342.3,821.0
580,20211009,M01,P006,white,reveal,9831.2,1666.1,1,133.5,4.25,47.2,962.2
581,20210713,M05,P005,still,realize,6760.2,1964.2,0,33.7,2.62,5.5,660.2
582,20200326,M09,P002,north,development,2920.7,2311.1,1,11.8,19.15,284.6,195.1
583,20210512,M05,P010,enter,entire,5308.1,547.4,1,1.5,7.15,36.6,822.0
584,20230302,M05,P002,will,subject,8645.6,1890.6,0,86.9,19.39,138.4,740.0
585,20210604,M08,P019,skill,national,9868.5,1622.8,1,124.4,16.28,456.4,735.9
586,20220510,M01,P002,lead,already,8356.6,2485.4,1,95.7,15.53,375.6,663.2
587,20240217,M05,P014,rich,value,4954.1,2162.1,1,137.2,13.44,471.3,21.8
588,20240723,M03,P017,style,put,1588.2,1956.5,1,128.2,16.7,455.4,44.2
589,20230808,M05,P013,close,question,6603.7,1786.5,1,59.8,15.79,119.3,214.3
590,20201006,M08,P004,night,say,3622.8,1699.7,0,128.9,5.05,74.7,144.7
591,20211118,M08,P009,never,conference,3871.2,1750.4,0,125.6,0.82,22.6,477.1
592,20221111,M08,P012,computer,staff,1288.4,1842.8,0,21.4,9.25,257.9,659.1
593,20230904,M09,P014,firm,know,8394.1,847.5,1,149.1,17.36,360.7,178.2
594,20200227,M07,P002,city,size,5579.9,852.2,1,44.4,11.06,417.5,225.8
595,20240125,M02,P014,your,across,4256.7,340.0,0,95.3,12.96,369.0,750.0
596,20230705,M07,P003,establish,marriage,1542.2,2595.7,0,108.0,6.69,64.8,431.2
597,20220222,M03,P017,true,organization,2621.8,1405.9,0,64.9,5.69,9.9,926.8
598,20231207,M07,P011,concern,impact,7724.2,2502.2,1,15.9,14.94,198.1,913.9
599,20200403,M07,P002,but,us,2813.1,737.8,0,105.5,18.73,394.7,395.3
600,20231226,M03,P016,scene,by,6196.3,293.1,1,41.7,11.63,155.4,980.2
601,20241209,M02,P015,movement,few,4461.6,1026.4,1,97.9,1.22,369.3,357.9
602,20220802,M04,P016,five,learn,3117.8,2700.5,1,117.7,2.88,66.7,22.6
603,20240424,M08,P002,film,without,7902.3,2294.1,1,107.5,4.41,165.8,391.8
604,20210905,M09,P003,here,peace,4421.5,59.4,0,137.1,13.8,334.5,684.1
605,20231110,M03,P013,know,always,753.0,2394.8,0,100.5,18.89,192.5,870.1
606,20200522,M05,P013,see,tonight,3371.7,1521.3,1,83.8,12.38,471.9,541.8
607,20201208,M06,P001,effect,compare,7044.6,1020.3,1,118.3,11.73,45.0,821.4
608,20201001,M02,P015,themselves,dark,7713.3,1586.6,1,61.9,1.43,428.1,864.1
609,20241206,M01,P006,drug,accept,1751.7,2249.6,0,114.2,19.77,192.9,479.0
610,20230211,M02,P008,keep,trial,5182.0,2167.3,1,51.1,11.1,205.6,296.5
611,20240605,M08,P014,late,figure,4446.6,1307.0,1,135.5,3.68,301.8,275.6
612,20200120,M05,P015,avoid,third,7274.8,705.1,1,125.1,6.38,177.3,416.9
613,20220103,M01,P015,fish,including,9758.2,2284.0,1,19.0,6.52,327.1,632.1
614,20221125,M08,P018,cold,true,9307.7,424.4,0,11.6,3.78,482.7,282.0
615,20210327,M01,P001,eat,partner,2027.5,2340.0,1,59.5,16.2,46.4,792.4
616,20210505,M05,P019,sense,prepare,771.2,2590.9,1,132.5,12.37,306.4,950.8
617,20210905,M09,P009,within,sell,8964.6,2559.3,1,30.5,2.82,469.5,332.2
618,20200919,M03,P001,many,affect,9003.9,1922.4,1,91.5,12.71,5.2,791.8
619,20210705,M05,P013,clear,century,6434.5,626.8,0,123.2,18.67,49.2,25.8
620,20211228,M04,P017,former,range,7401.0,2109.2,1,115.4,8.09,331.2,280.9
621,20200621,M06,P008,sense,consider,2224.0,2146.9,0,130.4,11.56,196.0,571.2
622,20230228,M09,P012,work,capital,441.3,2025.5,0,91.5,15.44,51.8,701.8
623,20211206,M02,P012,maybe,sport,9837.9,2868.0,1,84.9,14.25,443.6,559.6
624,20210610,M07,P006,last,community,3298.8,1232.4,1,25.9,3.81,261.3,558.1
625,20221211,M05,P019,figure,section,5704.9,780.7,1,99.4,15.84,488.0,398.2
626,20210902,M09,P010,pretty,or,3822.3,683.6,0,126.3,10.12,107.2,931.6
627,20241125,M07,P013,Democrat,determine,7239.1,2020.9,1,20.7,7.49,422.7,374.3
628,20241223,M06,P006,thus,note,1424.6,1291.7,0,102.8,11.93,245.1,707.5
629,20240114,M02,P016,fear,voice,7960.9,2210.0,1,112.5,5.69,36.0,583.0
630,20211021,M03,P007,will,little,4079.8,2522.4,0,50.3,12.5,387.9,163.6
631,20210426,M03,P003,care,but,5109.3,1951.3,1,42.4,9.53,252.4,956.0
632,20200825,M02,P015,receive,paper,6507.9,2700.5,0,147.6,19.08,231.2,919.8
633,20230610,M03,P016,later,outside,4825.2,2918.4,0,115.6,6.82,13.1,55.6
634,20210702,M04,P017,style,approach,2400.1,1146.5,0,112.5,2.22,364.5,460.1
635,20230916,M05,P015,training,scene,3301.1,702.0,0,80.9,3.89,373.4,247.6
636,20211128,M01,P016,instead,create,609.5,2443.3,0,2.3,3.49,434.2,479.0
637,20200110,M01,P004,act,reveal,6757.4,772.4,1,78.1,4.25,298.7,91.5
638,20200915,M02,P017,or,affect,9451.3,384.2,1,22.8,3.9,74.5,788.6
639,20230202,M08,P003,although,anything,7773.3,1658.7,0,98.1,11.43,497.8,502.8
640,20230829,M08,P010,form,improve,8163.9,1632.0,0,127.2,16.61,266.6,636.4
641,20240427,M01,P017,give,current,5659.7,1826.8,1,131.3,12.45,307.1,111.7
642,20241013,M04,P015,yard,example,4213.1,1339.5,0,49.0,0.02,443.4,198.1
643,20220110,M01,P018,notice,imagine,3959.0,388.8,0,136.4,13.7,459.6,728.9
644,20240908,M07,P008,sound,hand,9310.0,1184.0,0,141.9,4.38,79.8,222.2
645,20241204,M07,P012,who,people,816.8,1204.0,0,148.6,4.92,129.1,385.7
646,20230220,M03,P013,under,nor,9729.6,44.9,0,44.5,9.56,442.3,227.9
647,20241229,M01,P001,government,account,4083.9,2566.6,0,54.9,11.81,26.1,194.4
648,20240516,M05,P011,home,like,7531.5,1228.8,0,20.2,19.0,377.3,964.0
649,20200210,M05,P001,free,accept,5863.2,1653.4,1,79.5,5.4,297.3,447.9
650,20200327,M04,P009,future,pick,8064.6,2582.8,0,127.9,18.26,302.0,806.5
651,20201107,M04,P010,floor,seat,7788.3,1780.0,0,65.9,7.02,195.3,426.8
652,20241005,M03,P010,usually,south,7509.9,2300.1,0,51.1,2.87,261.1,318.6
653,20221105,M02,P011,official,cost,7627.8,1275.5,0,105.0,7.39,412.7,993.3
654,20231129,M08,P019,reality,action,8016.7,2368.9,0,81.2,3.81,65.6,238.9
655,20230927,M05,P007,let,hospital,7902.2,1355.4,0,65.6,17.65,359.6,503.5
656,20230720,M09,P010,any,state,3846.9,18.5,0,52.6,11.03,43.8,327.2
657,20200204,M09,P018,region,their,4406.7,2670.5,1,93.6,19.41,108.1,879.9
658,20230912,M08,P011,real,model,9150.4,710.6,1,107.6,3.31,55.3,449.9
659,20211120,M08,P009,question,himself,248.4,2350.0,0,54.0,6.32,343.3,190.3
660,20200715,M08,P001,available,son,5239.7,1119.0,0,138.0,10.54,207.9,752.4
661,20210922,M02,P019,much,people,7498.2,436.8,1,68.7,2.26,191.4,433.9
662,20200203,M06,P003,above,population,1958.0,1359.2,0,44.1,17.8,303.2,727.5
663,20240620,M09,P019,can,produce,1796.3,902.7,0,99.2,16.73,177.0,599.4
664,20210406,M05,P008,want,away,2401.5,1245.3,1,108.0,16.55,83.4,22.2
665,20240629,M04,P017,century,chair,7480.3,452.2,1,124.6,15.45,256.2,763.5
666,20220214,M04,P003,station,around,6228.2,386.3,1,118.9,10.62,449.6,184.0
667,20221004,M07,P013,rate,stand,4418.5,750.6,1,75.9,3.55,210.8,343.0
668,20241025,M05,P016,continue,hotel,3990.7,1682.8,1,90.7,5.62,58.5,34.2
669,20200202,M03,P006,some,mouth,3770.0,162.5,0,5.8,1.53,71.6,826.7
670,20230527,M01,P012,physical,its,4774.8,2131.3,0,81.6,19.27,416.2,968.0
671,20210914,M08,P002,father,go,4113.7,2302.4,1,149.4,17.38,120.6,289.0
672,20231106,M07,P004,however,capital,3483.1,1668.9,1,46.8,13.89,308.3,546.4
673,20230417,M09,P009,true,another,6113.3,1354.6,0,106.1,14.85,275.5,365.7
674,20220616,M08,P015,interesting,recently,7292.6,2435.4,1,81.3,8.9,78.0,187.3
675,20210202,M08,P007,message,play,4054.4,1733.9,0,69.9,3.34,480.4,508.9
676,20211124,M08,P018,little,little,8070.2,1747.5,1,71.5,17.25,133.3,131.2
677,20230524,M02,P004,wish,none,6377.7,1298.8,1,35.0,8.81,358.0,115.5
678,20211219,M06,P007,state,turn,1156.5,1384.3,0,92.6,12.77,281.2,348.6
679,20210510,M02,P015,whom,million,3987.1,1734.3,1,51.6,12.51,219.7,131.2
680,20231220,M05,P005,avoid,sort,7086.0,259.3,1,61.7,3.52,67.0,961.4
681,20200517,M08,P014,sometimes,life,8214.9,2399.5,1,112.4,9.31,438.9,342.2
682,20201003,M02,P006,audience,morning,4655.0,2952.4,0,82.8,9.89,129.6,903.5
683,20231112,M05,P008,threat,machine,4178.8,1838.4,0,55.1,11.26,33.7,110.9
684,20220721,M08,P017,forget,by,8478.6,995.5,0,102.2,3.67,117.2,424.1
685,20230209,M09,P005,purpose,national,2446.8,216.3,0,55.3,4.06,192.2,42.6
686,20201003,M09,P006,piece,mind,116.2,2399.8,0,60.9,11.85,170.4,640.1
687,20240605,M07,P006,value,think,4856.5,1786.6,1,39.1,5.7,314.2,744.1
688,20210626,M08,P018,actually,culture,9148.2,52.0,1,110.3,14.54,15.9,118.1
689,20230918,M06,P019,car,record,7540.2,55.9,1,107.5,7.99,134.5,908.4
690,20230621,M09,P006,treatment,wind,2237.7,2000.4,1,122.0,12.11,427.7,213.1
691,20201124,M09,P004,glass,decision,2347.4,353.5,0,83.0,1.7,236.9,295.1
692,20241004,M07,P004,bring,in,7399.8,1735.9,1,88.7,1.73,49.5,931.5
693,20240724,M03,P016,recently,door,1355.0,755.1,1,82.6,1.12,289.5,992.1
694,20210613,M01,P016,focus,leg,4262.4,907.5,0,140.5,6.32,7.6,112.4
695,20201212,M07,P004,trip,you,3985.7,431.2,1,37.7,2.94,62.1,958.4
696,20230517,M02,P010,what,per,4008.7,6.3,0,35.1,11.51,46.3,687.5
697,20230801,M01,P012,suggest,character,6680.8,2669.4,0,87.2,4.69,44.3,247.9
698,20200417,M04,P013,if,play,1650.4,2702.8,0,55.7,14.09,419.4,915.7
699,20200222,M01,P018,member,level,6805.0,654.8,0,89.7,13.44,317.4,399.4
700,20211215,M04,P002,anyone,win,909.1,1040.2,0,86.9,10.2,62.9,18.3
701,20210728,M09,P019,argue,prevent,5984.3,2967.8,1,118.3,17.57,256.2,617.4
702,20220423,M09,P016,year,sister,9129.6,2861.7,0,86.2,5.75,174.8,790.0
703,20230711,M03,P004,note,nation,8832.0,1045.3,1,143.1,4.03,166.2,291.7
704,20210212,M03,P007,strategy,out,3309.7,112.3,0,79.5,9.89,470.2,941.9
705,20211103,M02,P019,member,clearly,3119.1,441.5,0,76.6,17.47,311.0,964.2
706,20220509,M09,P011,usually,like,1078.4,560.3,1,6.4,10.58,308.3,410.4
707,20231105,M07,P010,agree,middle,629.3,515.6,0,78.3,5.05,420.8,918.9
708,20200415,M03,P003,southern,safe,3032.0,1186.3,1,90.2,18.38,326.1,179.5
709,20220513,M06,P002,appear,whom,2491.7,840.8,1,81.1,17.49,322.7,77.8
710,20240402,M04,P012,food,tree,3661.4,2925.3,0,143.1,6.87,239.7,383.7
711,20240616,M08,P013,hand,risk,3518.3,117.0,0,34.9,9.33,211.4,260.1
712,20240927,M08,P016,cut,treat,656.7,2550.1,1,69.5,18.22,275.1,836.7
713,20220523,M08,P014,hit,address,2451.8,290.9,1,141.2,19.28,83.1,126.9
714,20200324,M05,P014,among,who,4231.4,2117.5,0,109.1,15.61,17.3,932.4
715,20201220,M06,P011,after,itself,9540.5,106.8,1,107.2,18.31,79.1,21.2
716,20240930,M05,P018,economic,direction,125.1,228.7,0,62.8,13.0,26.3,608.2
717,20210621,M04,P002,wind,number,2765.5,1890.1,1,103.5,18.19,197.2,664.3
718,20230129,M05,P001,participant,stop,4381.8,1789.5,1,42.9,5.36,194.1,511.0
719,20210224,M02,P018,their,peace,7893.3,1355.5,1,136.7,0.66,226.2,271.6
720,20240108,M02,P003,four,east,6035.9,1914.7,1,4.4,15.77,385.7,311.1
721,20231105,M05,P012,base,create,1671.6,2693.4,0,2.6,9.66,244.2,786.5
722,20231205,M09,P002,finish,catch,1683.1,1100.6,0,43.5,5.56,105.1,576.2
723,20210813,M03,P007,interview,cell,8656.3,1832.1,0,136.4,10.48,224.0,102.5
724,20200124,M06,P010,similar,knowledge,5987.9,1206.5,1,71.8,12.65,288.4,409.4
725,20200623,M03,P002,raise,work,4193.9,1865.0,0,12.5,3.1,204.9,676.3
726,20240410,M09,P015,spring,state,8700.8,1282.3,1,120.9,6.75,6.8,269.5
727,20241219,M08,P001,do,step,4390.7,664.7,1,99.2,9.04,423.9,422.4
728,20220618,M07,P011,range,car,205.3,2095.5,0,129.3,5.55,450.5,558.4
729,20200814,M01,P010,audience,city,3381.9,1718.8,0,137.2,13.09,321.0,288.2
730,20231123,M09,P002,road,happen,5854.9,1016.2,1,39.0,19.22,435.2,57.4
731,20210905,M03,P010,son,why,8051.3,2334.1,0,100.5,2.4,103.6,190.4
732,20210312,M05,P010,group,practice,7219.6,2423.8,0,119.2,6.14,2.6,116.9
733,20201110,M03,P018,senior,early,6312.4,1556.4,1,13.2,7.63,1.9,212.0
734,20200410,M09,P007,value,music,7808.3,57.1,0,8.0,2.17,262.4,354.1
735,20200819,M03,P007,star,institution,9387.2,387.5,1,148.0,8.6,494.6,918.7
736,20211002,M09,P003,meet,appear,2317.4,509.7,0,120.6,16.36,471.9,687.5
737,20201108,M07,P003,process,available,192.2,2902.9,0,116.4,0.63,261.1,890.4
738,20200102,M05,P015,mention,occur,2429.1,2573.4,0,5.0,16.28,189.0,599.6
739,20221128,M06,P018,six,police,8482.4,2010.8,1,139.1,2.64,185.3,213.8
740,20220331,M03,P004,business,oil,9595.8,16.2,1,4.1,14.49,448.5,367.3
741,20230309,M04,P016,public,arm,5001.3,1963.9,0,38.1,11.75,211.2,425.3
742,20230308,M03,P008,cultural,style,9115.1,2206.3,1,85.7,18.49,405.9,704.6
743,20220418,M02,P010,surface,list,7821.0,290.9,1,68.7,5.96,205.3,590.8
744,20230903,M01,P014,foreign,late,383.8,1264.8,0,4.3,15.5,313.9,428.0
745,20240816,M03,P002,indeed,well,4588.8,1186.5,1,73.5,2.38,66.9,729.8
746,20200308,M01,P007,fear,important,3872.5,1932.8,0,3.6,2.55,10.6,538.7
747,20221126,M06,P008,environment,boy,1135.6,1871.6,1,43.7,6.99,435.2,22.8
748,20220823,M05,P013,office,Democrat,6115.6,2734.4,1,47.6,18.7,85.0,167.7
749,20221028,M02,P019,enjoy,hear,9454.3,227.8,0,62.4,2.37,269.1,168.3
750,20221121,M05,P004,begin,west,3209.1,1226.2,0,95.2,15.97,287.3,515.5
751,20200203,M09,P015,information,my,6329.3,665.2,1,147.9,15.46,284.6,637.1
752,20220107,M09,P014,Republican,phone,3987.5,1500.8,0,56.3,12.69,281.5,706.0
753,20241010,M08,P003,check,behavior,1353.5,2274.8,0,113.3,19.33,34.0,810.0
754,20200603,M05,P002,she,current,6555.8,1273.2,1,49.1,13.46,450.8,400.8
755,20201024,M04,P003,list,down,9685.8,1642.8,0,25.6,18.62,402.0,873.5
756,20230918,M07,P006,allow,discuss,5569.1,1905.7,0,81.1,16.83,204.7,654.8
757,20230718,M05,P011,ability,agreement,3328.8,2911.7,1,146.1,19.61,376.5,330.8
758,20220122,M02,P006,physical,great,841.9,2732.6,0,70.5,5.57,219.9,496.8
759,20210824,M03,P015,side,standard,1646.6,1268.0,0,141.4,5.19,351.9,105.0
760,20230102,M05,P016,near,region,8612.8,728.6,1,97.7,3.59,347.5,302.0
761,20210710,M07,P003,at,today,1502.8,1920.0,0,86.6,5.08,465.4,293.2
762,20211229,M03,P009,eight,traditional,5401.4,144.1,1,88.1,13.31,424.8,543.6
763,20210809,M09,P013,cause,network,4883.6,2368.4,0,137.5,17.43,292.8,117.5
764,20241012,M02,P009,defense,agree,8083.1,606.9,0,38.7,5.46,150.7,981.0
765,20200313,M09,P014,although,unit,2485.3,1850.2,0,146.8,13.03,469.7,540.1
766,20230708,M07,P003,guess,box,1436.0,1370.4,0,132.8,11.6,291.3,202.5
767,20200809,M05,P006,information,each,6560.9,445.4,0,40.3,9.28,343.4,523.1
768,20220731,M03,P001,book,trade,1044.8,1430.2,1,32.8,0.58,37.3,586.0
769,20210921,M09,P009,machine,history,9949.6,1782.3,1,35.9,12.74,397.8,277.0
770,20200513,M03,P004,its,difficult,1270.0,701.1,1,108.4,2.51,147.1,473.5
771,20201223,M05,P013,send,simple,7561.8,2243.1,0,60.4,3.53,98.0,254.5
772,20240721,M04,P014,office,significant,399.5,2203.4,1,146.2,0.42,285.7,265.3
773,20210926,M07,P014,action,throw,2952.3,278.6,0,39.7,8.14,208.4,854.3
774,20200223,M05,P002,opportunity,population,6984.6,104.9,1,37.4,0.41,114.4,568.9
775,20241015,M02,P019,head,executive,1230.1,116.6,0,148.7,11.5,169.0,883.7
776,20220520,M01,P019,happen,movie,6611.0,833.2,0,141.6,12.99,207.5,129.1
777,20231122,M04,P001,accept,bank,593.5,1013.7,1,117.3,15.3,143.9,277.9
778,20211004,M01,P019,leg,picture,154.2,987.6,1,15.4,5.39,324.3,317.7
779,20220806,M09,P003,game,big,2823.5,2308.7,1,28.0,14.8,212.3,329.2
780,20201228,M02,P002,radio,protect,4478.7,22.7,1,61.0,9.53,339.4,871.5
781,20201218,M04,P004,address,between,7047.5,2868.8,0,112.5,9.22,320.6,271.1
782,20230329,M06,P015,east,month,5274.2,199.7,1,143.4,18.32,203.7,269.5
783,20231009,M04,P016,forget,team,8790.4,1698.8,0,0.2,8.61,59.4,793.2
784,20220321,M03,P007,once,poor,5605.4,2147.6,1,44.9,1.81,308.6,514.3
785,20220928,M06,P007,travel,career,2904.7,1425.4,1,28.1,15.89,228.7,157.8
786,20231206,M05,P011,generation,physical,8938.7,927.1,0,109.1,17.94,178.3,817.4
787,20220217,M02,P017,need,either,8967.1,2848.0,1,64.5,19.16,408.9,273.7
788,20240223,M04,P014,picture,under,3429.7,360.3,1,42.1,3.6,9.0,595.9
789,20200407,M04,P015,ability,end,8355.5,1135.5,1,28.2,15.22,257.1,59.3
790,20200304,M01,P019,peace,three,7119.9,2418.2,1,133.4,16.35,243.5,666.5
791,20211208,M06,P008,enter,within,8791.1,1836.3,1,25.7,19.4,420.2,900.8
792,20210201,M03,P006,order,sure,5960.9,144.9,1,139.4,7.06,31.5,341.8
793,20230506,M05,P005,last,head,1152.1,984.0,0,49.6,3.32,266.8,291.1
794,20230207,M04,P007,world,one,7993.6,1246.5,1,59.9,15.28,449.2,462.7
795,20200114,M01,P019,young,machine,4952.5,1585.6,0,117.0,13.32,165.1,585.9
796,20231211,M04,P014,land,newspaper,5781.3,1543.3,1,110.6,16.69,70.2,157.5
797,20231018,M01,P014,city,relate,2587.8,2543.5,1,125.8,11.77,105.7,845.4
798,20240709,M01,P009,reveal,easy,276.4,309.0,1,141.0,12.56,22.1,796.6
799,20231230,M03,P011,training,individual,9544.0,1365.2,0,78.0,11.29,218.8,28.9
800,20230619,M01,P009,anyone,decision,3562.8,2215.6,1,50.5,10.98,74.5,121.4
801,20221217,M02,P017,specific,list,4706.6,1732.7,1,75.6,18.54,385.6,237.9
802,20200207,M09,P004,capital,market,1735.6,2957.7,1,1.8,8.82,66.3,245.9
803,20220903,M09,P004,site,court,7794.3,1823.4,1,68.5,13.09,371.5,595.0
804,20210731,M05,P014,without,strategy,7255.8,1544.8,1,65.1,7.85,211.5,195.8
805,20240923,M09,P004,media,ten,308.8,521.6,0,96.1,19.01,34.5,834.5
806,20201101,M08,P002,both,with,186.5,2839.3,1,49.2,14.89,89.3,647.1
807,20241128,M05,P005,from,behavior,7201.9,612.5,0,26.3,12.71,189.5,555.6
808,20240523,M04,P015,reality,election,8903.4,2877.8,0,121.2,6.08,417.9,23.8
809,20200820,M04,P003,perform,discuss,480.1,1820.5,0,62.7,14.07,154.5,363.1
810,20231208,M03,P018,pressure,develop,1748.7,853.7,1,67.8,15.99,60.5,399.1
811,20210519,M07,P008,world,threat,3285.1,1404.2,1,30.2,11.38,69.1,440.3
812,20240930,M04,P011,book,by,3288.3,2529.3,1,10.2,18.51,67.2,952.2
813,20210721,M05,P011,which,fast,3977.6,1954.8,1,98.5,1.62,338.3,772.7
814,20200216,M08,P019,measure,treatment,1090.6,484.7,1,89.1,15.05,77.6,536.0
815,20210501,M03,P015,team,same,5225.6,1086.9,1,15.0,4.49,360.7,452.5
816,20220326,M02,P007,around,happy,4553.3,866.8,1,74.5,11.96,69.1,644.1
817,20240822,M05,P008,central,never,3282.9,1538.0,1,67.4,9.91,286.8,936.3
818,20240430,M02,P004,former,way,4079.4,360.4,1,96.7,15.95,242.4,47.2
819,20210627,M05,P011,parent,man,6468.3,1798.5,1,127.1,15.71,474.7,489.5
820,20200226,M01,P013,employee,article,1550.6,142.9,0,78.1,0.61,359.1,262.5
821,20220928,M08,P006,data,some,5850.7,485.7,0,126.6,9.02,370.4,602.7
822,20240113,M01,P017,girl,along,2127.4,1186.3,0,98.5,17.75,310.1,938.8
823,20200118,M07,P011,career,food,7106.6,1168.1,1,92.2,2.36,227.0,242.1
824,20200125,M02,P006,oil,kid,5493.0,875.0,1,25.0,6.82,499.7,301.1
825,20220726,M05,P009,consumer,remember,1301.9,2256.7,1,134.8,9.22,318.7,623.6
826,20231202,M04,P003,say,true,412.4,124.6,1,99.2,16.03,256.5,217.3
827,20240503,M06,P007,newspaper,the,2178.8,1966.1,1,32.7,2.99,82.0,972.7
828,20210524,M02,P002,fire,ahead,2175.0,136.9,0,109.5,0.58,125.6,124.4
829,20230325,M06,P004,cover,important,1177.7,2071.7,1,56.3,14.46,155.8,613.0
830,20221202,M07,P014,brother,down,4856.1,2586.5,1,148.4,0.29,271.2,429.7
831,20200225,M09,P002,cold,actually,7072.1,2610.7,1,133.2,0.36,20.7,905.5
832,20210131,M09,P009,indeed,cover,1881.0,2718.5,0,48.3,5.64,50.6,353.9
833,20230504,M03,P006,rule,reason,5414.2,1617.7,0,55.2,10.78,244.9,180.0
834,20210320,M04,P003,center,own,2525.1,731.8,0,125.6,14.68,382.9,817.3
835,20220228,M09,P009,himself,serve,844.6,2261.1,0,72.4,11.42,13.4,425.8
836,20241115,M07,P015,son,just,8957.8,1070.0,0,109.5,19.88,479.0,482.4
837,20210909,M04,P007,however,standard,239.3,1590.1,0,139.8,4.31,56.7,477.4
838,20241003,M05,P013,wife,last,692.0,1975.3,0,4.1,1.06,24.3,563.2
839,20211227,M07,P016,film,among,6187.5,1109.3,0,65.3,16.14,6.7,77.5
840,20230423,M09,P004,few,since,5578.6,281.7,1,33.4,8.67,49.5,635.8
841,20221120,M08,P005,throw,why,1656.4,807.1,1,53.4,14.03,308.6,483.6
842,20230220,M06,P017,would,must,1538.1,1439.5,1,79.8,4.24,326.8,922.5
843,20241225,M08,P013,operation,wall,1260.8,1171.0,0,100.5,6.38,93.7,885.2
844,20231209,M08,P002,join,court,4232.1,2205.3,1,2.0,19.69,57.8,214.2
845,20220313,M04,P010,speech,nice,555.7,202.2,1,59.0,11.65,486.5,372.1
846,20201230,M01,P003,only,ready,2109.1,1269.7,0,65.8,6.36,250.4,136.8
847,20241110,M03,P006,economy,show,7207.1,2034.0,0,63.4,19.4,285.0,992.0
848,20220203,M06,P016,ago,take,6748.8,1312.0,0,84.5,4.12,322.9,790.7
849,20200507,M09,P014,which,game,6934.9,258.4,1,7.6,3.43,395.8,52.6
850,20230315,M09,P012,material,condition,1610.6,1975.9,1,100.8,8.44,399.1,372.0
851,20210823,M05,P010,compare,hair,279.2,2056.6,1,21.5,9.82,368.7,557.2
852,20221229,M06,P009,debate,compare,7485.9,2358.7,1,49.6,2.58,352.7,425.1
853,20220915,M06,P002,off,every,5893.6,538.0,0,85.8,12.36,116.1,219.0
854,20220812,M09,P016,chance,tough,2425.2,289.6,1,128.9,17.23,65.0,849.8
855,20240721,M01,P003,perform,before,4281.1,1394.3,1,79.5,12.21,290.0,71.1
856,20210327,M02,P008,feeling,key,6978.4,118.8,0,131.1,12.05,131.7,146.3
857,20230105,M06,P003,economic,deep,668.3,1116.7,1,113.4,17.19,5.4,414.9
858,20230520,M09,P017,window,something,7593.5,2791.1,1,139.1,9.61,132.2,512.0
859,20211206,M07,P005,I,so,6095.8,1653.0,1,3.1,8.38,390.7,898.7
860,20240424,M09,P002,difficult,music,3646.4,2722.1,0,108.1,8.29,117.5,311.1
861,20230512,M03,P014,design,activity,9696.8,1280.8,1,18.0,13.18,133.5,451.0
862,20201225,M08,P012,people,go,7391.8,2999.7,0,97.7,18.47,316.1,698.7
863,20220806,M08,P014,discussion,staff,5296.8,2746.4,0,71.5,7.68,202.0,224.3
864,20200608,M01,P007,eat,less,6691.4,2829.1,1,128.9,13.73,433.8,12.9
865,20240628,M01,P007,difficult,body,1185.6,1865.8,1,127.6,12.18,172.8,57.7
866,20230309,M03,P012,person,west,3620.7,1188.8,1,36.9,7.54,87.9,891.3
867,20231020,M06,P016,agree,federal,3631.1,329.2,0,119.2,18.55,433.5,828.8
868,20240829,M08,P010,college,tough,4544.8,2873.1,0,5.6,1.74,159.6,777.9
869,20220312,M08,P017,last,on,1326.3,2084.4,0,118.5,12.04,487.7,674.2
870,20210608,M03,P006,agree,week,2712.8,1080.9,0,1.1,0.86,414.4,877.0
871,20230918,M06,P019,mind,nice,8836.1,1740.4,1,117.7,2.23,228.5,992.7
872,20220301,M02,P009,concern,indicate,2985.2,2537.1,0,139.3,4.66,156.9,859.5
873,20221017,M06,P006,worker,create,3061.6,803.3,1,9.0,0.97,149.2,524.9
874,20210602,M06,P017,fear,student,853.8,693.4,0,7.1,2.46,454.3,450.4
875,20211104,M09,P004,catch,my,6009.9,1761.0,0,83.3,0.55,468.0,879.9
876,20240624,M07,P001,tax,agency,4664.8,2215.3,0,48.9,13.78,148.7,660.7
877,20201221,M09,P007,face,indeed,234.8,2849.4,1,86.6,18.09,283.4,917.5
878,20230710,M03,P007,visit,say,6497.6,2874.7,1,2.5,2.51,128.9,636.2
879,20240115,M06,P013,little,radio,8361.7,2624.5,1,91.9,8.96,143.2,136.7
880,20241220,M01,P015,inside,player,828.2,983.0,1,114.2,19.41,390.0,585.4
881,20240728,M01,P014,region,pass,7371.4,1378.1,0,55.2,11.25,280.5,921.4
882,20211123,M06,P002,join,understand,9038.5,1474.4,1,114.1,5.76,173.5,914.5
883,20240123,M02,P001,into,physical,6776.2,2485.9,1,7.4,9.97,339.7,89.1
884,20211029,M02,P018,whom,probably,1997.2,1537.8,1,143.1,12.33,335.7,422.9
885,20200321,M05,P009,fact,suffer,1862.1,1573.9,1,60.7,15.02,324.9,579.5
886,20200808,M07,P016,scene,fire,9858.2,2621.9,0,115.5,7.43,411.1,540.9
887,20241228,M09,P018,note,organization,2479.5,2799.0,0,142.9,5.1,421.3,582.1
888,20200629,M08,P002,deal,believe,4682.7,1098.9,0,149.7,5.25,153.0,130.3
889,20220327,M09,P011,so,far,8305.8,1601.0,0,143.6,4.43,98.2,348.0
890,20221008,M09,P019,old,voice,6662.8,2407.5,0,140.7,13.01,244.3,162.4
891,20231103,M03,P010,if,live,3408.5,465.6,1,21.2,0.61,234.2,746.1
892,20240921,M06,P005,while,give,799.1,1371.7,0,32.9,1.33,355.8,642.8
893,20220118,M07,P007,claim,century,4555.7,202.8,1,58.1,14.91,408.7,772.1
894,20230414,M03,P003,edge,her,2120.0,2066.7,0,53.7,15.45,161.4,140.9
895,20211122,M01,P004,her,former,766.9,705.6,1,125.9,17.47,450.0,809.7
896,20210926,M08,P006,respond,reason,970.8,2028.4,0,146.6,13.83,110.6,90.7
897,20231014,M09,P006,summer,success,3212.7,118.8,1,121.9,14.29,183.2,771.5
898,20220909,M03,P017,kid,Congress,965.0,1493.3,0,44.9,14.34,284.4,154.5
899,20240220,M07,P004,rise,quality,4731.4,831.1,1,20.8,14.01,214.6,248.6
900,20221215,M04,P016,notice,blood,3741.4,2707.6,0,110.0,0.3,106.5,542.2
901,20240904,M05,P012,its,whom,3924.2,803.7,1,34.0,12.51,454.3,995.1
902,20230128,M07,P010,agency,trade,7301.1,2970.4,0,71.5,9.12,498.1,809.8
903,20200916,M08,P013,exist,see,6950.1,2372.1,1,84.4,8.8,232.8,416.6
904,20201203,M01,P004,better,cold,9217.8,2326.4,1,67.4,6.52,482.4,422.3
905,20201227,M06,P013,individual,mission,1848.6,921.4,1,71.9,8.8,340.5,1.6
906,20200616,M01,P017,bill,focus,7615.3,1437.7,0,65.7,17.68,258.8,279.1
907,20230514,M05,P005,popular,father,8223.9,904.0,1,32.5,5.4,213.0,678.0
908,20230122,M03,P018,position,argue,4356.6,1166.4,1,119.2,3.52,248.3,11.5
909,20220614,M03,P007,lot,product,2398.4,148.0,0,118.3,2.28,287.5,456.5
910,20230227,M05,P005,option,interview,5208.5,2432.2,1,104.9,14.74,327.6,576.6
911,20220723,M02,P017,need,institution,7662.5,157.1,0,52.6,18.59,202.9,814.0
912,20210721,M03,P017,ask,particularly,927.1,2916.2,0,114.0,6.35,69.0,257.1
913,20200213,M04,P012,newspaper,part,2742.1,1316.4,0,23.3,3.33,202.4,233.7
914,20220321,M05,P005,answer,rock,7126.2,829.6,1,83.5,10.15,97.4,184.7
915,20240428,M05,P017,and,start,1735.5,2120.4,1,49.4,11.23,299.7,648.0
916,20230513,M03,P007,compare,a,4442.6,910.2,0,94.4,11.99,212.9,512.7
917,20220606,M08,P010,two,range,3199.3,452.0,0,139.6,18.15,431.3,110.3
918,20220912,M02,P007,energy,example,1046.3,2022.2,0,40.6,14.73,346.9,255.8
919,20200510,M04,P015,cost,environmental,8713.4,2726.0,0,4.6,8.76,312.8,358.1
920,20220629,M02,P015,Republican,building,6459.2,1730.5,1,67.8,1.68,133.1,261.0
921,20210401,M09,P007,card,cut,6207.2,1898.4,1,148.4,1.23,299.2,145.3
922,20210511,M01,P008,allow,control,4826.2,2753.0,0,26.0,3.53,173.8,24.0
923,20211224,M05,P003,rule,little,7422.4,1801.9,1,22.4,11.78,36.0,574.1
924,20240818,M04,P008,staff,may,5776.5,349.3,1,126.8,15.69,308.0,957.2
925,20240225,M07,P007,under,benefit,4605.9,719.0,0,10.1,6.36,344.5,832.2
926,20220502,M07,P009,south,direction,6714.8,634.9,1,68.2,14.22,21.8,517.5
927,20231024,M06,P012,character,sister,8114.4,828.7,1,29.2,16.22,173.1,671.4
928,20240307,M01,P003,order,south,7341.8,2063.3,0,116.5,12.61,374.5,264.1
929,20220707,M03,P010,amount,job,3798.5,2547.3,1,130.8,12.21,180.9,150.5
930,20230819,M06,P013,someone,country,3616.0,1108.7,1,67.1,12.3,472.6,468.9
931,20220915,M09,P016,follow,claim,7518.8,2395.3,1,149.1,15.48,392.6,575.9
932,20241106,M03,P007,note,line,3336.8,2422.5,0,42.9,0.64,430.1,414.5
933,20220725,M02,P014,data,trip,8539.8,599.7,0,25.6,19.83,39.4,186.3
934,20240110,M03,P001,building,drug,5437.4,343.4,1,125.5,0.4,215.1,774.9
935,20230423,M01,P011,field,interview,2953.8,1953.1,1,144.3,8.3,471.4,633.9
936,20220913,M06,P013,although,particularly,7347.7,2921.1,0,121.2,7.41,494.7,98.1
937,20210101,M01,P002,but,run,729.8,2642.0,0,132.5,7.85,242.5,143.0
938,20241020,M02,P013,property,time,4298.4,687.5,1,50.6,15.68,30.0,874.2
939,20221221,M05,P017,program,arrive,8328.2,2415.2,0,89.1,18.87,291.5,617.7
940,20200622,M07,P017,season,mind,8202.8,353.2,1,87.5,16.75,15.7,823.8
941,20230304,M07,P005,popular,not,5899.3,921.0,0,96.6,4.36,352.6,149.7
942,20210706,M01,P010,somebody,million,9661.7,2902.5,1,17.2,13.58,482.6,82.2
943,20211005,M07,P010,as,position,8451.2,987.2,1,3.7,8.82,444.4,367.5
944,20211003,M07,P010,something,very,6582.1,126.6,1,6.3,10.45,285.6,401.2
945,20210210,M07,P007,focus,culture,7642.3,2123.3,1,65.5,14.32,27.4,757.4
946,20210507,M01,P013,attack,citizen,5575.3,2532.7,0,99.2,10.86,439.2,384.5
947,20240112,M04,P013,animal,reach,1746.6,2384.2,0,52.0,8.54,103.8,106.9
948,20241230,M09,P009,measure,indeed,2050.2,500.5,1,36.3,8.66,478.2,240.0
949,20240225,M05,P011,person,since,5053.1,2997.9,0,117.5,15.1,125.5,372.7
950,20240925,M03,P002,capital,live,3473.9,1299.6,0,114.1,12.74,42.5,425.1
951,20200807,M06,P013,before,share,1640.3,721.4,1,43.6,18.88,333.6,890.3
952,20220331,M07,P013,win,his,8427.2,929.9,0,110.8,7.19,83.4,527.9
953,20241105,M09,P001,necessary,type,976.1,843.4,1,100.8,14.08,275.9,387.2
954,20200821,M03,P017,down,article,4619.6,321.1,1,114.0,11.09,18.8,62.8
955,20231212,M06,P012,move,wonder,9550.2,88.8,1,148.9,0.03,103.8,39.3
956,20240511,M06,P013,none,join,5906.5,400.0,0,93.1,5.8,55.8,691.2
957,20210310,M04,P011,service,bag,8940.6,752.9,0,91.5,11.27,167.0,296.5
958,20240119,M09,P013,process,evidence,7673.3,634.7,0,63.8,7.54,322.5,156.5
959,20210818,M02,P010,though,result,4423.4,188.3,0,111.5,15.75,294.7,481.3
960,20230122,M04,P001,enjoy,take,3687.2,2986.7,1,87.3,9.12,442.1,115.0
961,20240806,M04,P011,ball,Democrat,3383.7,1067.4,1,110.9,11.51,427.3,7.5
962,20230611,M06,P002,sea,might,1005.2,2488.1,1,20.2,4.55,170.5,475.6
963,20240603,M05,P012,audience,not,2172.2,715.0,1,12.3,8.08,94.5,573.4
964,20230910,M05,P012,make,rate,3108.2,2164.3,1,120.8,12.17,287.0,75.8
965,20240302,M02,P011,our,meeting,4794.4,782.5,1,108.9,13.07,283.4,536.1
966,20210430,M05,P009,discover,to,2391.6,2821.9,0,75.8,15.1,398.3,240.1
967,20200329,M07,P018,chance,evening,5470.2,937.7,0,144.2,12.06,451.2,400.9
968,20200828,M01,P013,we,charge,8200.4,2573.9,0,85.6,1.55,319.1,941.5
969,20230830,M06,P003,former,those,819.3,887.0,0,31.8,18.8,38.4,994.2
970,20241229,M05,P004,chance,outside,2022.3,991.7,0,67.7,7.18,289.0,29.2
971,20240818,M02,P012,protect,Republican,7778.2,2591.8,0,54.2,11.91,282.0,507.6
972,20211205,M07,P014,year,protect,8483.0,2655.3,1,123.5,4.57,208.9,856.6
973,20201101,M08,P012,less,employee,5256.9,1226.2,1,12.5,16.2,13.6,157.5
974,20210421,M06,P001,three,pattern,9042.9,1342.5,1,48.1,12.56,498.1,219.5
975,20200521,M01,P006,into,should,8549.1,2965.0,1,126.3,10.48,370.5,984.8
976,20230328,M09,P012,field,point,7953.3,107.0,0,121.6,11.39,107.7,576.7
977,20230805,M07,P009,tell,group,9346.8,245.5,0,106.3,8.72,128.1,512.3
978,20230923,M06,P001,way,sport,3482.7,990.2,0,54.4,17.6,416.7,803.0
979,20200308,M01,P001,work,these,6214.8,581.2,1,52.4,8.08,283.4,242.2
980,20200122,M07,P016,store,less,1848.6,241.1,1,4.3,5.33,56.2,31.6
981,20210314,M05,P007,kid,toward,8392.8,2015.9,0,87.6,1.68,453.6,342.7
982,20200818,M02,P012,statement,often,8763.3,2655.9,0,121.9,3.53,350.2,63.8
983,20231221,M05,P009,food,black,7322.2,1950.9,1,49.7,7.08,134.4,566.5
984,20240615,M07,P016,range,program,1972.9,2148.5,0,96.9,3.29,451.5,780.0
985,20220520,M03,P016,agency,hospital,7857.7,2608.5,1,74.5,14.96,232.6,20.2
986,20200617,M09,P009,pretty,they,7418.6,2274.8,0,116.1,3.59,234.8,955.3
987,20221208,M03,P006,movie,those,6295.8,2483.2,1,43.4,1.36,440.1,76.5
988,20241025,M01,P006,notice,assume,5451.9,1182.9,1,137.4,14.69,398.6,813.6
989,20230929,M04,P015,couple,specific,7335.2,996.8,1,18.3,16.66,329.2,736.7
990,20211020,M07,P009,including,interview,3186.3,1269.9,0,133.0,16.86,374.0,981.3
991,20231030,M07,P016,carry,boy,2117.6,860.6,1,66.2,15.44,480.6,618.9
992,20221221,M09,P006,than,over,3495.6,160.1,1,101.2,5.9,280.6,196.8
993,20241228,M07,P011,great,long,2566.1,1161.9,0,94.6,0.58,41.2,742.3
994,20210403,M01,P007,gas,left,3195.6,920.2,0,13.8,4.82,461.4,919.0
995,20201030,M04,P009,first,impact,708.1,2222.1,1,103.7,8.37,187.5,92.1
996,20240717,M06,P009,whom,accept,7605.0,419.3,0,57.1,13.19,59.4,46.4
997,20210502,M07,P003,will,action,5192.5,51.2,0,131.8,3.75,220.7,994.8
998,20230606,M09,P006,poor,current,7037.0,1002.2,1,66.9,18.43,430.2,371.5
999,20231110,M05,P004,sense,site,4117.4,2651.5,1,145.8,13.82,365.7,252.8
1000,20200305,M09,P019,quite,industry,3124.4,1864.4,0,94.0,11.58,180.4,663.6
