Record_ID,Timestamp,Machine_ID,Product_ID,Input_Material,Output_Product,Production_Line_ID,Throughput_Rate,Yield_Percentage,Cycle_Time,Defect_Rate,Downtime_Minutes
1,20220222,M06,P013,history,71.0,interesting,43.6,center,8.62,4.11,65.0
2,20221012,M04,P014,pass,213.7,speak,433.9,air,7.76,1.99,113.0
3,20210124,M02,P015,more,679.1,capital,856.4,best,3.5,4.92,344.5
4,20230308,M01,P014,bar,269.8,first,299.9,save,3.69,4.14,214.7
5,20220612,M02,P008,sing,228.0,worker,138.2,laugh,9.15,3.98,275.3
6,20230104,M07,P005,resource,244.1,company,277.5,or,8.2,0.99,231.7
7,20221105,M04,P012,he,289.0,would,129.8,or,2.41,4.96,381.3
8,20220703,M06,P017,travel,867.5,city,989.1,need,6.1,1.38,274.6
9,20230209,M02,P019,evidence,503.7,quite,643.6,fear,7.84,0.7,134.6
10,20240522,M03,P015,language,25.1,during,728.4,actually,6.46,1.41,186.4
11,20210313,M05,P010,radio,562.9,entire,759.9,green,4.73,1.79,60.0
12,20210319,M04,P011,author,91.8,purpose,424.9,pass,9.83,3.55,483.4
13,20211231,M02,P013,say,92.1,event,716.7,budget,9.98,2.61,118.1
14,20230101,M04,P015,good,172.3,anything,268.7,challenge,7.84,3.81,156.8
15,20221010,M04,P017,claim,826.5,start,707.5,sometimes,5.38,2.91,99.1
16,20210824,M07,P003,available,233.1,thing,299.8,state,6.72,4.65,275.9
17,20200127,M01,P002,range,724.1,why,609.0,nothing,3.41,0.84,98.7
18,20231211,M03,P004,behind,180.8,family,516.0,service,6.75,0.17,59.7
19,20210828,M05,P019,think,34.9,born,140.9,ago,9.18,0.45,162.1
20,20201103,M03,P008,learn,644.9,opportunity,844.7,statement,2.06,1.96,34.6
21,20230223,M09,P018,deal,55.3,wall,792.7,see,5.05,4.44,95.8
22,20211016,M02,P005,within,783.2,human,290.6,movie,3.43,0.5,27.4
23,20210505,M05,P002,data,914.3,oil,541.9,project,5.08,0.33,295.7
24,20231229,M01,P019,sometimes,457.1,pattern,855.2,meet,6.06,3.29,319.7
25,20220617,M08,P013,far,782.1,executive,778.7,road,9.11,3.58,250.0
26,20221210,M07,P006,record,933.1,past,927.9,direction,2.86,0.7,306.9
27,20241112,M07,P007,maybe,453.5,season,607.3,parent,9.88,2.04,147.8
28,20230615,M04,P008,letter,666.8,local,77.5,wife,2.22,3.88,221.7
29,20220605,M08,P010,social,765.7,eight,234.2,raise,6.6,4.29,272.7
30,20211222,M09,P014,while,275.2,as,68.8,old,6.31,1.88,85.8
31,20240223,M03,P015,fear,286.2,discover,115.1,blood,4.05,0.1,451.4
32,20210505,M01,P010,party,475.8,concern,445.9,everyone,3.9,4.51,333.6
33,20230625,M07,P009,management,433.4,upon,509.7,concern,1.58,1.46,136.9
34,20220703,M05,P006,be,33.5,information,12.8,political,6.32,1.22,18.3
35,20220225,M08,P015,either,794.6,product,801.5,measure,5.95,0.3,304.0
36,20231102,M07,P012,man,712.6,time,979.7,star,6.65,2.3,323.1
37,20230911,M01,P010,item,947.2,weight,79.5,free,7.05,0.74,366.3
38,20200213,M06,P014,wonder,255.3,particular,670.2,upon,7.91,0.63,404.0
39,20211208,M05,P008,tough,746.4,news,794.9,most,4.13,0.64,416.7
40,20240921,M05,P019,task,602.7,six,964.8,information,2.35,4.76,280.9
41,20231203,M08,P008,product,996.6,money,854.4,second,5.36,0.94,35.3
42,20200616,M02,P019,offer,624.9,laugh,380.8,take,6.65,3.09,353.7
43,20221017,M03,P007,recently,642.8,receive,731.9,Mrs,3.76,0.78,206.8
44,20201011,M03,P010,spend,770.3,high,349.0,pretty,1.36,1.66,219.9
45,20201009,M09,P008,chance,989.5,learn,392.7,break,3.82,4.47,190.1
46,20240627,M05,P010,baby,299.5,run,824.8,happen,8.21,1.35,140.1
47,20211222,M08,P010,I,355.8,list,363.0,human,4.8,3.7,160.0
48,20200605,M05,P005,personal,231.1,special,202.7,price,5.58,0.67,135.0
49,20231107,M01,P002,age,494.0,relate,843.0,easy,1.7,4.52,432.2
50,20220110,M06,P014,among,921.6,much,725.8,condition,7.99,0.48,178.1
51,20240410,M05,P003,guy,557.4,training,181.3,consumer,6.02,4.07,300.3
52,20221101,M05,P010,mouth,343.2,build,600.9,black,4.79,0.92,299.5
53,20240915,M05,P013,quite,28.6,relate,88.3,business,6.76,1.44,480.9
54,20220220,M04,P014,position,555.4,share,942.6,professional,1.74,0.06,250.0
55,20200117,M04,P016,better,123.0,my,703.5,person,9.05,4.92,343.1
56,20210612,M05,P010,against,90.4,education,388.9,share,4.69,0.8,248.7
57,20211222,M02,P018,role,217.6,hospital,972.2,trial,1.58,0.53,311.8
58,20240811,M02,P017,require,958.2,she,808.4,hard,8.91,0.79,134.4
59,20230207,M06,P011,recently,177.4,local,806.2,if,8.23,2.7,119.0
60,20240114,M02,P013,several,107.0,conference,836.1,course,2.84,4.02,254.7
61,20240422,M02,P007,five,914.7,investment,25.5,third,7.03,1.15,251.1
62,20210414,M06,P019,spring,537.9,again,956.6,energy,9.97,1.32,450.9
63,20201218,M08,P006,across,18.9,entire,390.8,exist,3.99,2.17,451.7
64,20240601,M07,P011,player,576.7,remember,244.7,apply,8.46,2.1,154.7
65,20220924,M03,P002,who,553.9,whether,12.9,group,4.41,1.34,355.3
66,20200627,M08,P001,fast,973.1,head,798.3,our,4.27,4.81,421.6
67,20230509,M09,P002,increase,244.8,finish,869.5,success,4.58,0.65,303.3
68,20231117,M08,P008,benefit,960.2,step,963.9,young,6.2,3.91,354.1
69,20240107,M09,P005,these,366.1,investment,476.5,make,8.07,1.07,69.8
70,20210105,M06,P009,artist,702.1,lot,627.9,read,1.95,3.92,116.7
71,20240611,M03,P007,whose,83.6,Congress,977.4,protect,6.52,2.84,379.8
72,20200101,M02,P016,plan,509.8,machine,527.7,forget,6.88,4.07,255.5
73,20240827,M06,P007,white,520.3,opportunity,624.5,hear,1.46,1.59,54.5
74,20200622,M02,P018,forget,755.5,rise,112.8,interest,7.84,2.81,490.5
75,20220704,M09,P017,scene,690.3,social,833.8,keep,9.79,4.93,387.6
76,20230907,M01,P019,rock,146.1,whose,100.5,sit,9.52,1.32,159.4
77,20220801,M08,P001,interest,267.9,imagine,843.8,music,7.15,0.86,68.9
78,20240606,M02,P003,window,841.3,customer,712.1,end,1.3,2.66,103.2
79,20201223,M08,P014,realize,860.8,do,555.7,available,4.79,1.52,169.5
80,20200722,M04,P004,subject,117.4,economy,33.1,home,6.62,0.87,6.5
81,20240903,M03,P007,late,354.4,major,612.3,write,7.48,3.72,127.1
82,20230207,M08,P017,case,641.7,last,407.7,happy,2.5,2.25,387.3
83,20240908,M01,P013,describe,689.0,husband,106.9,job,6.8,0.55,44.9
84,20201121,M03,P001,population,298.9,edge,424.9,employee,7.35,1.14,200.8
85,20230505,M01,P017,physical,25.0,before,855.3,lot,7.29,2.49,138.0
86,20241012,M04,P011,season,505.8,citizen,316.9,unit,4.6,4.94,253.8
87,20230924,M02,P011,follow,291.9,beyond,530.4,gas,3.94,0.61,385.1
88,20240914,M03,P018,spring,719.4,ago,228.5,look,6.47,1.8,24.5
89,20201127,M02,P001,agree,980.4,these,270.0,how,1.44,2.69,314.5
90,20201008,M07,P004,down,380.6,small,597.0,notice,1.38,4.5,158.1
91,20230306,M09,P008,mother,823.0,loss,181.4,force,9.06,3.36,312.0
92,20220414,M01,P005,economy,540.7,sister,577.4,rather,3.26,0.37,7.4
93,20210619,M02,P008,board,560.9,understand,137.0,whatever,2.09,0.03,488.7
94,20241215,M06,P006,away,167.4,you,646.3,purpose,7.08,1.32,361.6
95,20220124,M04,P002,pull,823.9,parent,568.3,above,1.59,2.41,228.9
96,20220925,M06,P017,serious,397.2,imagine,330.6,important,7.34,3.28,307.0
97,20230505,M06,P018,series,971.4,property,681.7,day,6.66,4.98,226.1
98,20230912,M03,P008,professional,713.1,lose,298.8,beat,8.19,2.44,468.2
99,20230924,M09,P006,to,399.6,may,14.5,size,7.73,1.36,130.7
100,20221003,M06,P005,eat,184.4,on,978.4,sort,2.07,4.27,240.7
101,20210320,M03,P006,present,590.9,soldier,254.5,wait,9.51,0.37,336.7
102,20230411,M04,P008,father,917.9,situation,134.1,treatment,3.14,3.04,317.2
103,20200305,M08,P015,military,142.4,traditional,333.1,present,2.58,3.31,410.9
104,20221123,M01,P015,government,651.1,significant,80.7,this,9.82,4.16,156.8
105,20210118,M05,P013,once,775.7,hard,638.6,force,4.8,0.41,66.4
106,20230829,M08,P007,team,610.9,world,154.4,through,1.54,2.13,234.3
107,20240929,M03,P019,generation,648.2,forward,755.7,change,4.26,2.53,143.7
108,20200803,M05,P014,late,905.9,response,571.2,option,9.51,3.75,147.8
109,20241219,M06,P002,light,466.2,ever,761.7,officer,8.47,3.95,301.3
110,20200226,M01,P018,involve,931.5,someone,757.4,thousand,5.17,0.78,36.0
111,20210726,M06,P008,move,258.7,answer,91.5,front,5.95,0.34,472.7
112,20201217,M06,P016,together,773.6,before,10.1,but,7.08,4.53,195.7
113,20240403,M03,P010,really,850.8,race,967.4,cut,1.56,3.96,151.5
114,20201020,M07,P009,long,908.1,drive,749.3,hospital,8.78,2.13,166.9
115,20210114,M02,P017,we,576.5,would,592.1,senior,5.49,0.69,238.4
116,20200125,M04,P014,kind,980.2,agent,49.4,message,7.27,0.96,205.1
117,20201003,M04,P005,into,766.1,kitchen,440.1,reach,7.69,0.3,218.7
118,20220608,M03,P001,teacher,324.9,speak,557.4,agree,3.5,2.25,263.6
119,20210722,M04,P019,thing,163.5,summer,73.5,white,1.78,3.29,172.8
120,20220310,M08,P002,different,102.6,identify,820.4,field,2.14,4.19,311.6
121,20200503,M07,P004,official,235.4,create,659.1,development,1.08,1.77,317.5
122,20210403,M07,P017,skill,387.1,simple,296.2,ever,3.61,2.06,389.4
123,20200314,M04,P010,reason,277.2,three,948.6,Mrs,6.01,3.46,423.0
124,20210713,M03,P008,Mrs,599.4,now,443.3,blood,3.09,0.89,23.9
125,20220917,M02,P016,usually,69.2,heavy,231.7,result,7.46,4.87,78.0
126,20221216,M08,P013,job,884.2,friend,308.5,wear,2.1,3.22,50.0
127,20230805,M05,P006,week,542.2,mind,476.3,drive,8.41,2.45,229.5
128,20240709,M06,P006,return,257.6,employee,950.0,check,3.15,4.57,90.8
129,20210119,M05,P005,together,38.7,list,130.6,high,8.75,3.48,421.7
130,20221227,M03,P016,range,706.6,son,441.5,almost,5.85,2.17,117.9
131,20200607,M07,P004,evening,451.3,perhaps,866.9,although,2.54,4.66,121.9
132,20240812,M04,P017,difficult,705.7,along,950.8,firm,3.38,3.88,10.9
133,20211013,M02,P014,attention,237.4,know,889.9,market,3.53,1.69,282.2
134,20211225,M05,P008,sort,396.0,property,848.0,to,2.83,4.05,342.2
135,20240727,M09,P018,coach,978.8,by,899.2,wind,1.15,1.49,72.0
136,20230313,M07,P015,college,640.9,build,41.8,why,8.02,1.03,239.4
137,20231217,M03,P007,writer,445.9,begin,79.1,guy,4.96,3.58,223.3
138,20240623,M06,P019,single,334.0,somebody,988.5,away,6.15,3.19,3.6
139,20210528,M05,P013,house,412.3,prove,164.1,enter,2.14,1.96,464.5
140,20240115,M07,P009,stand,449.2,finally,525.9,drive,7.55,2.21,117.2
141,20240901,M03,P001,general,627.8,hope,206.8,year,6.03,4.42,28.3
142,20220205,M07,P019,sure,710.0,it,203.1,focus,3.68,1.81,199.4
143,20201202,M03,P016,mouth,680.4,federal,454.1,thing,4.41,2.59,460.8
144,20210810,M09,P001,always,42.7,wear,608.0,enough,6.61,1.81,488.3
145,20240213,M03,P003,feeling,513.5,letter,484.3,at,9.82,1.52,14.8
146,20230808,M06,P006,head,148.8,bring,540.3,hotel,2.7,4.02,381.0
147,20211116,M02,P009,man,397.0,kid,363.6,reach,6.68,2.32,261.9
148,20220707,M08,P017,keep,171.8,million,248.0,whether,9.42,3.98,236.0
149,20201116,M07,P009,fear,618.7,message,295.1,fire,8.76,4.28,282.2
150,20210623,M09,P006,air,514.6,other,28.4,daughter,4.41,1.21,250.2
151,20200529,M09,P013,alone,866.6,share,967.0,expert,2.87,0.22,474.3
152,20200705,M09,P001,should,326.8,whom,261.0,card,3.05,3.36,45.6
153,20210615,M04,P008,individual,18.7,raise,690.9,cell,3.94,3.41,95.1
154,20230828,M02,P006,become,802.7,challenge,503.3,drug,3.65,0.77,152.4
155,20230507,M08,P011,red,272.9,alone,703.1,card,9.14,1.42,261.8
156,20200506,M07,P015,such,462.5,show,613.6,indicate,7.22,4.75,455.3
157,20200106,M02,P015,send,660.8,open,772.1,cost,9.55,3.56,190.6
158,20220918,M07,P003,southern,336.5,such,417.5,first,8.75,4.52,68.1
159,20241204,M03,P015,project,816.8,his,781.5,case,7.68,1.05,190.2
160,20230925,M09,P004,end,267.8,either,646.4,understand,2.37,3.93,74.0
161,20210328,M02,P019,family,797.0,really,587.6,research,4.94,4.4,224.8
162,20211005,M02,P003,in,58.1,item,415.5,every,7.29,4.92,447.2
163,20230720,M06,P005,rock,897.1,fill,416.2,car,9.61,0.96,403.2
164,20210915,M04,P015,player,852.1,ready,797.6,scene,4.12,3.46,168.5
165,20231129,M08,P016,turn,380.2,anyone,871.9,face,5.86,1.4,296.8
166,20200101,M04,P016,especially,142.7,research,388.1,can,3.89,0.67,144.5
167,20211223,M01,P014,consumer,731.7,big,293.9,senior,5.97,1.09,445.2
168,20240310,M03,P010,run,482.7,wonder,645.4,we,3.35,0.12,293.8
169,20200127,M07,P015,action,464.8,less,344.4,day,1.76,1.27,177.4
170,20230905,M08,P001,hot,751.2,personal,405.3,worker,3.91,1.05,459.1
171,20240224,M09,P018,know,616.4,increase,677.0,term,8.78,0.92,179.9
172,20200707,M08,P001,above,869.4,however,490.3,public,1.46,2.4,452.6
173,20231029,M05,P010,window,81.5,moment,765.9,drive,8.7,3.61,251.4
174,20220812,M05,P018,develop,579.4,and,313.7,goal,3.96,2.25,237.3
175,20211102,M02,P011,bill,505.9,born,845.4,serious,1.09,4.03,191.9
176,20200115,M06,P019,into,588.5,avoid,865.2,win,9.91,0.03,98.8
177,20210513,M05,P004,environment,303.0,son,432.6,piece,2.14,3.61,313.6
178,20220928,M07,P009,citizen,908.1,find,466.4,development,6.35,1.22,19.6
179,20220629,M09,P010,certainly,629.2,hot,626.7,start,2.61,3.78,287.3
180,20220605,M02,P007,foot,515.2,director,705.9,although,7.5,1.47,493.2
181,20230308,M05,P005,high,402.8,grow,743.3,will,2.81,0.63,305.1
182,20220731,M07,P019,cell,230.2,add,784.6,day,2.85,2.83,305.2
183,20220716,M06,P009,future,908.8,main,343.7,item,7.23,4.78,114.7
184,20241121,M09,P002,relate,605.6,cut,985.6,serve,7.43,3.2,209.8
185,20221126,M04,P006,manage,310.4,relate,61.1,deal,3.89,4.15,212.8
186,20210623,M08,P001,cell,346.7,happy,786.7,teacher,7.96,3.25,215.7
187,20221225,M04,P007,structure,118.8,town,360.8,tend,6.34,3.28,370.1
188,20230621,M03,P011,exactly,277.8,behind,429.0,too,2.05,0.08,495.0
189,20240411,M03,P012,set,994.6,key,518.4,its,6.22,2.39,5.3
190,20220414,M01,P008,administration,477.9,free,999.6,picture,5.39,3.31,23.6
191,20230223,M05,P019,quite,15.9,morning,451.0,company,6.11,1.33,119.4
192,20231204,M03,P017,reality,884.2,store,598.1,rather,2.19,4.84,265.5
193,20240806,M03,P017,hear,810.0,save,536.5,scientist,7.57,2.35,419.7
194,20230130,M09,P015,outside,818.5,machine,542.5,break,6.92,2.0,390.3
195,20210919,M05,P008,economy,430.7,yes,579.1,lot,7.83,2.87,314.6
196,20210120,M09,P014,begin,196.1,cold,810.6,visit,8.99,1.21,8.7
197,20201112,M09,P018,career,359.7,fly,300.5,husband,7.72,4.96,260.4
198,20231004,M02,P010,attack,956.9,however,558.5,skin,7.36,3.22,159.2
199,20211011,M09,P010,trial,294.2,generation,638.4,pay,7.19,1.02,427.4
200,20210118,M09,P015,far,420.0,skin,782.4,operation,6.18,4.27,398.0
201,20240515,M06,P002,think,915.6,dream,944.3,rate,5.94,4.34,153.0
202,20211202,M03,P017,baby,123.3,choice,792.8,church,4.65,4.17,262.8
203,20241012,M09,P016,wear,30.6,billion,593.6,performance,8.08,4.19,40.8
204,20230531,M07,P019,common,225.0,book,414.3,live,3.82,2.63,194.4
205,20240224,M07,P016,every,181.2,cold,69.5,young,2.12,3.01,333.4
206,20230510,M03,P017,five,429.1,attention,474.7,report,4.48,0.67,446.8
207,20230102,M06,P011,soldier,300.6,best,298.8,star,7.34,2.26,490.9
208,20231101,M03,P001,phone,376.1,beautiful,733.9,development,3.54,4.61,485.5
209,20221210,M05,P013,ten,911.7,wide,395.0,me,8.47,2.03,264.5
210,20200531,M05,P014,director,893.1,house,342.6,us,9.07,4.79,273.8
211,20200430,M06,P005,low,804.2,site,468.5,month,6.21,2.12,201.7
212,20230920,M03,P007,itself,717.4,poor,181.5,similar,1.98,1.96,354.0
213,20221209,M05,P016,course,270.2,this,219.4,head,6.45,1.9,210.2
214,20240319,M08,P005,example,639.4,develop,909.6,respond,8.73,4.87,306.3
215,20240618,M01,P015,week,938.3,guy,983.7,fight,8.03,1.2,94.5
216,20220930,M04,P013,member,752.5,cover,630.9,chance,6.05,1.93,40.9
217,20220425,M09,P006,produce,969.3,design,212.0,almost,9.39,3.43,253.4
218,20230514,M06,P013,involve,324.2,foot,843.1,sense,1.08,4.56,87.4
219,20220910,M08,P010,too,569.0,least,532.4,include,1.07,2.57,341.7
220,20231023,M01,P015,theory,513.8,field,848.1,so,7.15,2.4,206.7
221,20200421,M03,P018,throughout,496.5,yes,285.5,idea,5.69,3.62,451.2
222,20241204,M04,P013,support,644.2,defense,735.9,future,8.17,3.5,113.9
223,20231117,M06,P002,kid,977.0,must,849.0,school,2.95,2.44,241.6
224,20220917,M06,P018,a,525.3,today,744.8,detail,2.95,0.87,422.1
225,20201227,M04,P011,personal,26.0,soldier,370.5,fly,9.55,3.31,429.4
226,20210707,M02,P017,trip,197.0,development,956.4,order,6.32,1.19,476.8
227,20220521,M01,P009,always,57.5,skill,339.3,worry,8.03,3.27,138.7
228,20201118,M06,P001,office,739.5,become,154.3,dinner,8.08,1.09,393.3
229,20220923,M06,P003,card,750.9,drop,437.3,his,3.42,3.5,183.4
230,20211001,M08,P007,activity,637.6,sell,492.2,us,3.39,1.44,222.5
231,20201119,M08,P008,she,63.1,establish,394.6,health,9.46,2.64,411.5
232,20220108,M03,P007,particular,718.1,modern,929.2,player,2.42,0.52,436.8
233,20240811,M06,P013,window,485.1,deep,600.8,law,6.56,3.34,23.2
234,20200602,M04,P012,happen,90.7,even,443.4,difference,8.24,3.02,125.6
235,20220403,M07,P010,drug,224.4,plan,78.1,up,3.26,1.08,130.3
236,20211012,M07,P012,agent,291.5,mother,328.9,message,9.32,1.24,42.0
237,20220602,M01,P001,above,109.5,eye,239.2,Republican,5.39,2.45,435.1
238,20200806,M08,P014,experience,739.4,line,675.9,former,9.12,3.39,497.7
239,20230816,M04,P007,let,955.2,record,87.4,accept,1.3,2.6,138.3
240,20230619,M07,P013,science,434.4,fish,730.7,herself,4.65,2.84,172.2
241,20220215,M05,P018,Congress,883.7,across,224.1,yes,7.0,0.14,144.1
242,20210124,M02,P010,focus,235.1,along,672.4,so,1.52,2.83,152.6
243,20230819,M08,P008,line,70.9,end,283.9,make,7.76,2.54,466.4
244,20230728,M09,P006,five,275.8,bed,878.8,question,2.31,2.63,60.5
245,20240101,M04,P005,seek,101.1,either,869.0,each,2.71,4.45,160.1
246,20210703,M09,P002,accept,254.3,store,782.0,thus,1.14,2.33,218.1
247,20210624,M08,P006,produce,687.3,subject,377.8,network,3.1,1.78,273.5
248,20220513,M09,P013,interview,963.2,report,507.7,cup,9.08,3.11,45.1
249,20230109,M03,P009,station,69.0,bank,837.5,environmental,3.09,2.59,396.2
250,20230926,M06,P009,four,871.1,southern,975.9,first,2.91,1.57,15.2
251,20210209,M07,P014,difference,338.2,girl,425.1,beautiful,7.4,3.24,128.5
252,20230522,M05,P003,probably,742.1,concern,150.9,into,6.6,2.29,75.8
253,20241130,M04,P013,morning,408.7,society,276.5,wall,9.12,1.9,28.8
254,20241107,M03,P007,almost,178.8,attorney,527.6,term,4.64,3.32,202.6
255,20221201,M04,P010,their,723.3,it,121.4,short,4.45,0.47,369.2
256,20210623,M02,P007,hot,102.6,true,34.2,black,3.86,0.16,183.7
257,20241122,M09,P014,score,765.8,measure,432.7,at,5.22,4.17,52.2
258,20200618,M09,P009,century,324.5,both,307.7,visit,6.29,1.63,353.3
259,20220322,M01,P002,Democrat,59.9,billion,615.0,take,6.07,1.46,434.2
260,20200603,M05,P014,position,80.8,factor,118.4,or,7.07,1.17,344.8
261,20201224,M03,P016,positive,548.6,wait,258.7,statement,9.14,2.2,371.0
262,20240428,M08,P005,media,593.9,prevent,320.3,some,7.95,0.22,414.6
263,20220819,M04,P016,today,126.4,foot,483.1,tree,9.13,1.02,223.0
264,20220622,M05,P006,start,244.9,guess,666.2,authority,1.04,3.29,98.0
265,20240224,M07,P012,long,960.1,follow,869.4,role,6.09,2.47,11.8
266,20200402,M01,P012,music,993.5,study,888.8,step,1.06,4.79,443.7
267,20210623,M04,P002,newspaper,819.6,election,16.1,think,9.81,1.8,491.1
268,20210927,M01,P015,above,312.2,window,70.5,side,3.96,3.13,430.1
269,20200329,M02,P011,home,598.1,talk,997.0,purpose,4.81,3.45,225.3
270,20241003,M01,P007,involve,799.3,discussion,901.8,go,9.78,4.95,457.9
271,20231230,M09,P011,task,398.9,should,56.9,part,2.81,3.83,40.9
272,20230528,M02,P001,toward,472.6,term,364.1,high,1.42,2.48,371.9
273,20220716,M06,P017,me,684.0,future,512.3,TV,2.15,3.78,243.5
274,20200702,M03,P013,money,353.0,away,709.8,camera,1.42,0.44,300.3
275,20241130,M09,P007,city,235.9,front,691.6,edge,2.24,0.87,269.4
276,20220701,M09,P002,without,399.4,arm,812.1,foot,9.45,0.34,143.4
277,20221214,M01,P007,group,850.4,indeed,595.6,eye,2.35,2.01,57.1
278,20221204,M05,P010,property,506.8,unit,24.0,and,6.55,0.67,451.4
279,20220722,M09,P010,church,675.9,single,708.4,stay,2.84,1.76,268.2
280,20201123,M04,P018,represent,49.7,over,289.8,possible,7.23,4.54,36.8
281,20230308,M04,P014,lay,376.6,way,268.3,deep,6.54,2.93,317.1
282,20230319,M09,P012,southern,328.9,after,362.6,real,1.23,0.65,118.2
283,20221019,M07,P012,recently,883.9,husband,468.9,allow,1.61,2.86,441.8
284,20220108,M01,P009,catch,276.0,cut,906.6,past,9.05,1.83,247.9
285,20221231,M09,P001,cultural,840.2,former,473.9,more,3.02,4.94,327.9
286,20241021,M04,P011,participant,761.7,fly,393.6,hair,7.57,4.32,1.6
287,20221024,M08,P014,there,897.1,view,37.1,same,8.96,1.3,298.6
288,20230820,M05,P014,data,195.7,expert,299.5,choose,6.86,3.93,42.4
289,20200703,M06,P009,I,720.0,again,171.6,try,5.38,4.2,136.9
290,20240627,M09,P001,eye,399.3,across,920.7,carry,8.31,3.04,145.4
291,20201114,M08,P001,mention,495.1,crime,402.6,good,3.9,1.23,182.2
292,20240910,M04,P002,seem,333.2,produce,855.2,rather,1.86,2.92,32.8
293,20220627,M08,P007,paper,521.4,part,856.0,dog,3.27,3.0,83.6
294,20200609,M07,P013,firm,508.7,world,53.4,create,9.05,1.43,429.5
295,20220723,M03,P014,movement,911.0,it,665.3,go,9.13,0.02,367.3
296,20201209,M01,P002,moment,129.5,expert,901.3,different,8.11,3.28,309.4
297,20220212,M03,P006,meeting,473.8,on,772.6,raise,6.6,1.5,33.7
298,20211205,M04,P014,case,506.5,serious,854.6,technology,9.47,4.1,291.1
299,20221225,M04,P004,key,58.5,almost,170.3,bill,7.34,1.68,25.5
300,20200201,M02,P007,crime,72.2,method,823.5,nothing,1.83,3.4,292.0
301,20240926,M08,P005,lay,225.8,already,926.4,particular,8.06,2.92,388.4
302,20220102,M09,P016,happen,257.7,military,822.7,prove,6.14,0.26,455.8
303,20230104,M01,P008,five,42.3,matter,915.8,smile,7.05,4.25,274.3
304,20240227,M05,P002,now,709.8,soldier,710.3,about,9.59,3.69,186.5
305,20201111,M06,P003,especially,967.7,above,648.7,beautiful,6.25,4.52,478.8
306,20200110,M01,P011,hear,65.6,power,334.3,only,3.46,2.97,149.2
307,20240916,M06,P006,budget,568.3,focus,33.8,name,6.67,1.64,154.7
308,20240902,M03,P007,book,467.2,happy,408.7,PM,3.5,2.07,52.1
309,20200112,M07,P014,whom,136.8,different,137.6,institution,4.59,3.54,397.1
310,20201231,M01,P014,still,893.8,magazine,521.1,or,4.25,3.91,230.4
311,20200613,M05,P010,into,843.9,trade,762.8,safe,1.98,3.29,472.7
312,20240304,M06,P008,suggest,100.8,suffer,788.4,follow,1.67,2.71,157.8
313,20240731,M02,P018,guess,440.5,almost,605.7,record,5.98,0.87,151.7
314,20210420,M09,P005,participant,966.5,car,660.9,nice,4.56,1.21,88.3
315,20220128,M09,P002,business,407.5,occur,443.3,create,3.36,1.17,11.2
316,20200125,M03,P015,night,304.2,soon,988.9,season,3.18,0.21,110.4
317,20231208,M05,P013,treat,735.7,former,698.9,western,2.37,4.34,44.4
318,20231111,M07,P005,now,234.7,sense,328.7,education,1.31,0.13,450.4
319,20200621,M05,P010,report,650.4,name,405.3,mother,3.24,1.2,260.4
320,20220928,M07,P015,hot,816.9,name,749.5,stand,1.67,4.52,145.2
321,20240528,M06,P010,sing,80.6,book,309.4,option,4.28,3.89,494.4
322,20200214,M01,P007,rather,981.5,more,784.1,probably,5.02,0.17,15.7
323,20201205,M07,P007,ask,449.3,defense,310.9,growth,1.96,0.64,359.8
324,20201201,M03,P009,quality,882.3,into,110.6,as,6.79,1.11,124.4
325,20221219,M03,P013,seem,348.9,mission,704.8,contain,9.42,0.84,82.5
326,20240906,M03,P005,store,686.0,million,131.2,wide,5.61,4.19,29.8
327,20210206,M06,P001,itself,981.8,ten,800.5,set,1.45,2.79,470.7
328,20240211,M06,P006,attorney,977.2,address,696.0,back,9.76,2.24,174.0
329,20210727,M09,P015,seem,130.6,staff,109.0,five,4.87,0.88,107.8
330,20200831,M09,P010,song,503.3,environmental,225.4,could,2.02,2.54,208.3
331,20200531,M03,P014,president,671.9,city,979.2,never,1.39,1.3,19.0
332,20231112,M05,P007,the,950.3,put,811.7,by,4.03,4.84,233.7
333,20240815,M02,P005,those,355.8,responsibility,998.3,series,1.4,0.01,82.4
334,20210218,M07,P014,friend,364.6,deep,507.5,beat,3.24,0.03,86.4
335,20210505,M04,P017,specific,418.7,economy,101.7,past,6.93,2.42,302.1
336,20210421,M08,P005,poor,99.1,deal,296.6,record,9.81,0.33,106.2
337,20231216,M06,P004,reach,180.4,father,104.2,end,2.36,0.07,41.5
338,20230115,M07,P009,end,461.7,establish,219.0,question,3.25,2.4,4.1
339,20200304,M09,P015,modern,859.6,he,188.0,step,8.61,3.91,210.6
340,20240414,M07,P012,cost,177.9,benefit,707.3,way,1.33,0.52,129.8
341,20240203,M03,P007,executive,262.8,new,707.2,phone,1.79,3.02,168.7
342,20200205,M08,P019,forward,458.8,their,933.9,newspaper,5.95,2.9,104.6
343,20221015,M09,P001,Democrat,520.3,my,807.1,movement,4.51,1.41,112.5
344,20201015,M08,P012,field,276.1,almost,437.0,much,5.61,1.06,236.8
345,20240125,M02,P006,write,870.0,appear,463.5,official,3.52,0.17,50.4
346,20221209,M02,P018,institution,301.5,huge,961.3,camera,9.43,0.77,323.5
347,20230107,M06,P016,recent,690.6,any,98.0,your,7.83,4.33,301.8
348,20210701,M04,P013,perhaps,261.8,window,246.9,often,8.64,1.89,293.0
349,20201231,M07,P001,series,79.9,various,719.1,win,9.63,2.22,322.0
350,20240110,M07,P013,any,269.8,continue,701.9,whose,9.04,1.69,432.8
351,20201124,M08,P001,various,436.1,staff,583.3,professor,2.8,1.4,178.9
352,20210912,M06,P002,drive,994.8,adult,986.0,spend,9.83,2.49,144.1
353,20200116,M05,P009,table,560.5,happen,763.9,base,8.28,2.88,320.0
354,20201011,M03,P013,back,20.2,mention,704.4,decade,2.79,1.11,295.9
355,20220725,M06,P004,decide,69.7,run,494.3,campaign,4.23,3.79,453.7
356,20220113,M02,P017,including,559.6,along,479.5,instead,5.12,1.36,358.7
357,20230126,M07,P013,impact,872.7,consumer,368.3,poor,1.25,2.69,301.5
358,20211107,M06,P019,happy,243.5,put,608.6,stuff,3.04,1.52,216.9
359,20200905,M01,P008,industry,789.3,space,811.7,from,9.92,3.05,147.5
360,20220807,M06,P010,both,490.4,same,533.1,camera,7.28,2.66,456.8
361,20241111,M02,P008,age,313.9,increase,206.2,cut,3.02,1.58,73.3
362,20200401,M04,P005,onto,377.0,understand,560.8,beat,3.12,4.39,433.2
363,20210601,M09,P008,civil,649.8,measure,103.9,morning,8.02,4.35,321.0
364,20200114,M09,P019,idea,84.8,around,284.6,ok,9.34,1.19,139.0
365,20200206,M08,P013,former,29.1,anyone,807.5,site,1.09,0.05,226.7
366,20220827,M09,P002,for,319.7,firm,487.2,tree,2.93,0.05,79.1
367,20200703,M03,P009,either,955.4,build,515.3,center,5.05,1.47,493.9
368,20230131,M07,P004,right,930.9,play,461.6,sing,7.0,1.96,297.5
369,20231031,M01,P006,plant,638.1,debate,723.9,baby,5.31,1.71,22.4
370,20240910,M03,P010,general,56.8,such,400.8,return,1.97,0.11,42.4
371,20220625,M05,P019,treatment,478.3,inside,892.3,full,3.0,4.81,66.1
372,20240127,M08,P014,professor,408.4,up,895.1,sport,2.45,4.28,335.4
373,20200214,M07,P008,join,224.1,seek,920.9,others,9.81,2.76,366.0
374,20230125,M05,P001,with,982.4,until,598.2,center,5.83,3.44,169.4
375,20210224,M01,P010,something,682.1,company,795.2,few,3.36,1.44,212.7
376,20240102,M09,P007,big,666.3,improve,514.2,company,6.85,1.01,233.4
377,20210416,M03,P009,product,781.3,once,840.8,specific,6.3,4.27,73.1
378,20240409,M02,P002,site,699.0,open,815.2,phone,2.93,3.99,423.6
379,20210912,M09,P013,huge,984.2,miss,25.0,soldier,6.45,1.4,415.7
380,20230107,M07,P016,ability,69.0,whether,689.2,road,9.79,3.69,83.0
381,20220129,M08,P018,few,849.9,specific,629.1,system,8.86,4.83,207.2
382,20220915,M05,P018,certainly,37.2,fast,435.8,capital,3.13,3.12,326.3
383,20220520,M06,P005,time,251.9,ready,492.2,onto,2.38,1.66,397.4
384,20240130,M05,P004,develop,101.3,among,748.8,professor,1.83,3.22,465.9
385,20200410,M08,P006,garden,422.5,wife,586.3,also,6.68,3.19,333.5
386,20230515,M02,P011,various,590.2,technology,454.8,conference,1.36,2.81,28.5
387,20211129,M07,P015,room,425.4,make,920.2,impact,8.47,4.33,189.2
388,20200707,M01,P018,a,134.1,management,657.7,may,7.27,2.9,254.8
389,20200727,M01,P001,television,282.7,memory,241.0,today,9.64,1.9,270.0
390,20240605,M07,P014,building,109.2,history,518.5,training,5.31,0.27,252.5
391,20210126,M09,P012,next,142.9,strategy,854.6,discussion,7.61,4.59,112.0
392,20240605,M08,P004,lot,853.3,while,462.3,clear,3.42,3.81,198.2
393,20220405,M08,P007,tend,352.2,weight,167.3,fall,7.97,1.24,428.4
394,20200424,M01,P005,little,882.2,oil,719.9,subject,9.88,1.78,446.4
395,20230119,M09,P002,hotel,672.2,sometimes,762.8,thousand,6.5,0.67,381.3
396,20230315,M06,P012,notice,43.5,tree,66.3,operation,1.73,2.65,146.3
397,20230724,M02,P011,result,372.3,home,501.0,case,8.46,3.93,200.4
398,20231221,M04,P002,specific,390.1,benefit,446.7,need,7.61,2.27,351.3
399,20220917,M07,P001,magazine,888.3,with,512.1,north,2.99,1.03,45.0
400,20240507,M08,P003,behavior,773.1,peace,175.9,little,3.52,3.84,19.4
401,20240302,M06,P012,another,597.6,court,210.3,career,3.84,1.87,232.5
402,20240905,M01,P009,report,271.0,author,589.1,hotel,3.47,2.46,191.0
403,20210228,M05,P006,suggest,854.5,sell,744.0,side,5.54,2.48,424.3
404,20210429,M07,P010,here,194.4,event,839.9,hair,6.24,3.11,90.1
405,20210222,M01,P016,test,720.1,purpose,708.2,sign,1.06,4.88,61.7
406,20210322,M04,P007,that,568.1,wait,965.5,financial,1.2,4.35,249.3
407,20230217,M06,P019,newspaper,876.1,star,855.1,over,6.1,3.78,423.9
408,20210703,M02,P016,street,413.4,threat,472.6,young,8.28,0.34,247.9
409,20240113,M04,P014,heavy,67.3,bank,132.7,subject,6.1,1.43,201.0
410,20220319,M08,P010,experience,208.3,woman,840.6,drop,5.34,0.04,143.0
411,20210113,M08,P018,whom,240.5,this,762.9,high,9.89,1.44,186.0
412,20210307,M04,P010,capital,359.9,cup,759.3,PM,7.38,4.1,182.0
413,20230824,M04,P001,once,942.3,let,719.0,federal,7.42,1.93,442.8
414,20210327,M08,P012,there,790.3,training,39.7,gas,9.13,0.07,264.8
415,20231107,M05,P007,rise,551.5,anyone,661.4,lawyer,2.56,2.88,10.4
416,20210111,M02,P018,fund,210.6,trouble,752.5,week,2.27,1.86,226.8
417,20210605,M09,P003,read,331.5,song,113.7,various,7.89,3.74,195.3
418,20211009,M03,P012,more,85.8,quality,150.8,cup,4.44,2.61,490.0
419,20241216,M02,P004,speak,212.2,build,556.0,trial,1.3,2.15,258.8
420,20210405,M03,P011,million,150.9,relationship,736.9,your,6.49,1.14,272.8
421,20211107,M06,P007,degree,100.5,have,413.3,author,2.41,3.93,202.7
422,20210606,M09,P019,age,614.9,new,727.9,result,8.1,1.53,61.5
423,20240626,M07,P006,go,438.7,carry,42.7,behind,6.99,2.4,456.3
424,20211216,M09,P019,sit,348.1,name,947.8,crime,2.45,3.05,46.0
425,20230722,M05,P004,against,983.3,commercial,283.2,attention,2.27,0.15,156.9
426,20201226,M09,P011,just,328.0,goal,485.5,beautiful,7.1,3.65,325.5
427,20210926,M01,P004,item,656.1,base,78.3,air,5.4,0.7,212.1
428,20211121,M09,P019,environmental,765.4,his,292.4,part,8.38,2.26,245.1
429,20240912,M05,P003,experience,34.9,man,327.6,just,1.16,3.62,124.2
430,20220501,M04,P017,his,87.4,important,224.5,research,3.08,2.88,315.7
431,20231120,M04,P019,director,925.0,eat,881.9,popular,2.62,0.67,154.6
432,20241108,M03,P017,important,957.4,cell,659.1,surface,1.48,3.82,21.6
433,20200503,M04,P008,mouth,247.3,seek,949.8,compare,4.09,0.45,484.0
434,20210309,M08,P006,use,911.6,phone,319.1,might,5.26,3.45,181.2
435,20241114,M08,P010,use,360.2,themselves,580.7,base,3.43,4.27,226.3
436,20200913,M02,P016,now,21.1,employee,797.9,whose,6.16,3.17,133.6
437,20220428,M05,P004,note,536.1,thousand,902.7,goal,7.92,1.09,139.9
438,20240510,M09,P007,tend,592.0,whole,162.8,save,5.94,4.45,388.6
439,20200501,M07,P011,old,687.4,threat,199.3,matter,9.86,4.76,205.7
440,20221010,M08,P008,low,400.7,response,669.4,major,8.46,4.83,400.1
441,20240816,M06,P019,heavy,211.7,child,375.6,word,9.72,3.93,167.3
442,20211008,M04,P012,billion,823.8,whose,180.0,specific,1.27,4.59,377.9
443,20230831,M03,P009,child,949.2,draw,374.7,father,3.43,4.64,136.0
444,20200221,M05,P006,imagine,886.9,role,382.1,very,7.33,0.47,142.0
445,20231129,M04,P016,cultural,281.5,several,969.7,market,1.18,0.72,303.2
446,20200829,M09,P017,environmental,766.4,well,301.8,even,1.48,0.34,150.2
447,20240125,M06,P009,room,851.0,item,965.1,newspaper,7.15,2.76,481.1
448,20240712,M08,P011,collection,101.8,our,923.0,son,3.55,1.18,19.2
449,20201016,M07,P012,success,462.0,thing,505.3,throw,1.2,4.91,141.3
450,20200907,M09,P002,tonight,345.9,seek,873.9,forget,9.43,1.34,92.3
451,20240226,M01,P012,pull,703.1,grow,592.3,character,8.7,2.21,466.0
452,20211225,M01,P006,former,667.5,skill,991.8,partner,4.28,3.24,415.9
453,20201201,M07,P011,federal,20.0,including,43.0,meeting,3.82,3.63,356.7
454,20220108,M08,P006,it,568.8,writer,882.4,cost,2.48,2.42,427.9
455,20220922,M05,P009,join,347.1,stock,277.5,whatever,2.28,4.67,67.2
456,20210426,M05,P016,newspaper,750.1,vote,838.5,keep,1.35,0.43,105.1
457,20210927,M06,P015,edge,837.1,wrong,618.6,officer,2.28,4.27,188.6
458,20240827,M06,P012,actually,693.3,trip,899.1,song,4.81,1.39,389.9
459,20200905,M06,P013,Congress,814.2,education,510.7,space,7.45,0.66,494.1
460,20201031,M07,P008,performance,543.8,art,345.9,hour,6.89,1.67,154.6
461,20230208,M06,P005,game,151.4,affect,251.5,necessary,7.11,3.86,143.8
462,20230702,M09,P005,data,728.6,easy,874.7,subject,5.5,4.43,187.7
463,20200521,M05,P014,people,828.5,name,164.9,far,4.2,1.77,190.4
464,20230727,M04,P002,before,579.1,federal,403.2,day,7.81,3.42,378.6
465,20241129,M08,P012,mission,198.2,life,445.1,once,4.29,3.49,237.1
466,20231120,M07,P008,artist,618.2,scientist,813.2,along,2.47,0.83,119.0
467,20240129,M03,P011,threat,538.8,on,940.1,everything,2.12,3.08,354.3
468,20200623,M02,P018,nature,732.9,this,466.6,character,5.19,4.44,372.1
469,20240308,M02,P004,these,548.3,second,221.0,statement,3.54,1.41,89.1
470,20200920,M01,P013,writer,283.3,various,780.5,style,7.74,4.94,62.6
471,20241012,M06,P003,around,338.7,necessary,233.2,source,7.77,4.56,408.3
472,20211128,M09,P002,production,75.6,water,983.3,feeling,8.07,4.21,161.6
473,20220823,M06,P004,what,760.1,seek,631.1,never,3.29,1.73,93.1
474,20201205,M07,P003,treatment,153.4,church,10.7,major,7.2,3.95,78.9
475,20230504,M03,P019,out,335.0,science,321.5,board,2.34,1.35,241.3
476,20221115,M04,P007,available,804.0,finally,88.1,can,2.09,4.99,210.8
477,20210613,M01,P007,gas,365.1,concern,826.9,resource,1.25,0.52,104.4
478,20221018,M08,P015,out,749.9,fire,600.7,black,7.93,4.14,488.3
479,20240720,M03,P015,strategy,494.7,personal,830.2,machine,6.33,1.61,274.3
480,20220607,M08,P015,energy,713.3,save,568.4,best,3.49,4.05,245.5
481,20220910,M03,P008,spring,750.8,dinner,328.5,fill,4.42,0.81,388.7
482,20230526,M06,P011,ever,860.8,north,448.9,tell,5.86,2.04,171.0
483,20241128,M02,P018,day,504.5,notice,796.4,program,8.34,1.37,431.8
484,20210404,M04,P019,edge,100.0,believe,750.4,know,2.06,3.5,111.6
485,20220218,M09,P010,sense,967.2,police,944.4,simple,4.97,4.54,267.8
486,20210614,M07,P008,it,170.1,reflect,143.7,we,9.02,3.85,358.8
487,20220420,M02,P009,health,867.7,billion,827.0,least,8.47,0.02,138.3
488,20230831,M08,P009,foot,842.3,it,423.8,threat,9.93,2.89,94.7
489,20200315,M01,P011,do,301.9,lead,986.7,lead,7.24,1.85,434.8
490,20240325,M01,P011,management,547.1,keep,25.3,billion,3.32,1.23,16.4
491,20220405,M02,P018,watch,710.1,shake,492.5,million,5.78,3.72,293.8
492,20231021,M01,P006,television,693.3,let,683.6,so,8.18,2.86,43.4
493,20240501,M09,P016,him,574.2,age,405.6,citizen,8.86,3.64,207.1
494,20220317,M07,P011,popular,302.7,song,469.3,machine,3.4,0.41,88.8
495,20211114,M06,P015,movement,56.5,important,828.0,Democrat,9.35,3.11,426.7
496,20200419,M05,P002,executive,140.5,central,264.7,anyone,6.36,3.93,442.2
497,20220426,M09,P014,several,30.2,eat,870.7,north,4.88,0.74,104.5
498,20231106,M05,P010,eye,612.2,letter,39.0,policy,4.63,2.99,418.9
499,20241012,M04,P007,single,573.7,toward,557.3,man,6.41,1.48,419.3
500,20200613,M01,P001,everybody,358.3,check,919.5,newspaper,5.69,0.22,456.2
501,20201213,M05,P001,product,897.3,perhaps,126.9,visit,4.42,0.89,124.4
502,20220624,M09,P004,responsibility,18.2,return,877.4,itself,3.88,2.69,86.2
503,20240806,M05,P016,tonight,50.3,it,412.5,strong,3.95,0.11,448.4
504,20220911,M06,P003,quality,884.2,drop,229.3,necessary,5.87,0.63,139.2
505,20211216,M07,P003,rest,85.6,actually,807.3,friend,9.61,4.48,418.9
506,20221222,M01,P002,poor,589.7,rich,743.4,name,5.95,2.87,437.6
507,20210602,M06,P006,she,441.2,employee,602.3,side,7.9,0.32,440.2
508,20230717,M02,P008,describe,95.5,player,644.7,break,8.68,2.25,14.3
509,20221223,M08,P016,focus,410.6,sell,987.2,soldier,2.65,4.1,410.9
510,20230422,M08,P015,effort,396.8,chance,339.1,own,4.75,1.91,131.3
511,20211230,M03,P010,glass,312.6,go,756.9,source,1.09,1.68,50.5
512,20200622,M03,P012,age,640.3,why,999.4,you,2.25,1.53,324.4
513,20210726,M09,P014,no,637.0,tell,731.8,nation,1.85,4.03,340.7
514,20210424,M06,P008,character,320.8,film,515.9,institution,5.8,1.3,277.3
515,20241128,M09,P004,rest,544.0,head,915.5,office,8.64,1.6,314.5
516,20241208,M02,P018,action,66.2,list,188.4,free,1.25,0.94,423.8
517,20240218,M01,P002,future,961.3,quite,898.7,throw,1.33,3.17,161.6
518,20240118,M04,P004,line,143.7,base,140.5,determine,1.41,1.41,33.7
519,20240801,M07,P013,not,248.0,case,498.5,environment,7.39,0.42,498.3
520,20230221,M06,P010,become,779.2,agreement,649.1,again,7.34,2.71,353.2
521,20220509,M03,P016,visit,768.7,community,164.5,sort,4.33,1.93,306.8
522,20200819,M03,P005,talk,817.0,rest,725.0,listen,9.73,1.08,1.6
523,20210726,M02,P004,leader,624.3,recent,425.3,wall,1.18,0.69,38.8
524,20211021,M06,P008,size,496.6,perform,200.7,your,8.16,0.96,250.0
525,20200129,M05,P001,popular,626.7,set,233.9,PM,2.6,3.33,394.8
526,20220924,M02,P001,loss,133.1,blue,307.7,center,8.84,3.52,199.9
527,20221229,M04,P016,firm,498.8,between,926.4,rather,5.54,4.74,337.6
528,20221120,M03,P005,sit,327.5,heavy,881.8,million,2.47,1.31,30.8
529,20240818,M05,P002,money,901.0,issue,666.0,since,4.57,2.91,371.3
530,20200419,M05,P012,door,390.6,chair,396.1,avoid,1.14,2.11,51.5
531,20231005,M08,P004,weight,76.4,now,943.5,help,4.47,1.13,263.5
532,20201011,M09,P017,then,435.2,road,369.1,third,5.36,1.71,404.3
533,20210220,M02,P016,knowledge,589.5,line,240.2,guess,3.49,2.3,367.1
534,20201213,M04,P014,car,158.6,fall,866.6,contain,4.88,3.68,163.0
535,20230926,M06,P007,spend,577.5,over,455.0,play,5.5,4.59,260.9
536,20241025,M04,P014,thus,283.3,seem,636.2,cost,4.93,4.36,73.6
537,20221001,M07,P004,either,555.8,mean,994.7,there,2.25,3.31,111.7
538,20230325,M09,P006,close,639.7,recent,824.7,interview,7.44,3.34,81.2
539,20201025,M07,P014,understand,151.9,seven,594.9,situation,8.47,2.08,190.0
540,20220901,M03,P006,light,643.6,despite,896.9,explain,9.93,4.24,423.9
541,20200518,M01,P018,yeah,520.7,down,494.4,he,2.56,3.98,90.4
542,20211119,M09,P013,choose,650.9,understand,659.4,rich,8.01,0.46,109.3
543,20220328,M06,P013,save,75.9,right,548.8,example,6.14,2.96,229.1
544,20200509,M09,P005,state,438.6,magazine,273.2,word,2.53,1.39,69.5
545,20231110,M06,P018,south,38.6,computer,195.3,gas,6.81,0.9,420.3
546,20200128,M04,P007,quickly,668.2,sister,218.5,magazine,8.62,4.21,125.1
547,20200115,M07,P019,team,725.2,no,550.5,newspaper,5.87,1.54,110.8
548,20210424,M05,P005,fear,815.2,nation,72.1,economic,8.48,3.95,399.9
549,20230810,M09,P006,seem,740.7,event,797.5,inside,6.57,4.48,58.7
550,20220312,M03,P010,should,786.6,report,226.0,memory,5.05,0.25,197.6
551,20240207,M02,P012,rock,949.6,ahead,322.4,suddenly,8.08,1.59,383.6
552,20231217,M09,P010,next,415.8,research,600.0,million,3.87,0.49,238.7
553,20211010,M01,P013,election,359.1,mission,138.3,see,8.21,0.35,75.6
554,20210714,M06,P007,increase,151.9,but,878.6,Democrat,1.6,0.98,496.8
555,20200625,M09,P015,remember,235.4,try,224.0,role,5.38,1.78,196.1
556,20220704,M04,P003,character,658.8,rock,265.1,American,6.25,3.25,15.2
557,20210723,M03,P018,leader,430.9,brother,798.6,management,4.04,3.96,87.0
558,20210925,M04,P007,network,323.9,hot,988.0,role,5.02,3.91,368.9
559,20210905,M08,P013,wrong,492.8,role,729.5,themselves,7.69,2.66,10.7
560,20200803,M02,P019,left,142.2,change,826.6,PM,2.82,1.41,408.3
561,20240712,M08,P017,college,562.0,hour,630.4,natural,9.96,3.62,231.4
562,20210719,M08,P008,would,488.4,close,355.6,floor,3.57,0.48,489.4
563,20200617,M07,P017,operation,855.1,fast,308.8,anyone,7.83,1.34,75.4
564,20240404,M06,P017,both,966.3,for,958.7,else,4.6,2.6,330.6
565,20231014,M02,P003,I,727.8,edge,821.9,challenge,5.5,2.27,426.3
566,20240408,M09,P003,nearly,221.8,my,437.5,town,8.92,3.42,476.9
567,20210220,M05,P003,forget,467.6,matter,774.3,impact,2.35,4.47,17.6
568,20220510,M07,P001,couple,725.6,officer,967.8,art,1.5,4.23,323.9
569,20210901,M03,P004,us,916.2,spring,602.3,tax,9.62,0.52,462.1
570,20220807,M05,P008,which,938.3,exist,362.5,else,5.06,1.34,229.4
571,20201225,M06,P010,end,843.7,either,311.5,white,9.43,2.78,136.5
572,20220201,M05,P019,realize,784.0,true,848.7,natural,7.61,4.19,147.0
573,20221108,M05,P008,dinner,405.8,raise,187.4,increase,8.56,0.91,466.9
574,20230326,M08,P001,last,227.6,game,191.8,medical,3.61,4.55,401.1
575,20230731,M09,P005,administration,235.1,another,229.0,half,6.01,0.48,368.0
576,20200514,M04,P015,reality,902.7,full,261.8,federal,6.37,3.96,216.8
577,20230411,M06,P005,interesting,570.8,list,197.5,police,3.85,4.25,333.0
578,20211112,M06,P005,need,608.5,letter,136.8,whose,1.41,0.31,37.4
579,20241106,M03,P005,total,943.0,if,198.9,marriage,7.73,1.44,130.8
580,20200718,M01,P002,citizen,47.4,until,889.1,before,5.3,2.49,495.7
581,20240420,M05,P016,draw,502.6,film,223.4,hand,7.79,1.64,294.7
582,20241029,M07,P007,join,67.1,attorney,395.1,though,9.52,1.21,64.2
583,20220317,M09,P005,great,817.7,when,161.5,put,2.93,4.1,310.7
584,20230410,M02,P001,course,909.4,hand,902.4,their,1.18,0.79,248.0
585,20230630,M09,P010,wind,530.9,machine,307.1,anyone,9.36,1.94,124.7
586,20240305,M06,P018,major,102.2,your,859.5,city,6.9,0.13,41.3
587,20230523,M03,P013,physical,241.8,half,503.6,discussion,1.86,2.31,276.9
588,20231024,M06,P016,chair,385.5,several,340.1,recognize,7.9,4.47,405.3
589,20210912,M03,P016,prevent,889.0,red,422.6,reveal,8.43,0.27,97.7
590,20220509,M04,P005,people,259.5,produce,949.8,her,8.93,2.12,320.7
591,20230124,M03,P005,ten,619.8,third,248.2,nation,8.09,3.32,224.6
592,20230430,M02,P003,hotel,243.7,live,77.6,every,3.47,1.52,402.8
593,20200102,M04,P013,site,506.3,order,558.3,against,4.39,3.47,434.6
594,20220403,M07,P008,seven,528.7,newspaper,879.9,bill,4.5,0.95,366.5
595,20210530,M07,P015,government,974.3,at,349.3,style,8.66,3.14,486.8
596,20230728,M08,P013,concern,415.5,example,285.4,artist,9.0,1.49,461.8
597,20220411,M04,P015,answer,17.5,five,158.1,live,2.39,2.91,218.4
598,20210320,M04,P005,century,428.8,draw,813.8,can,6.83,3.95,53.7
599,20210825,M03,P011,few,321.6,blue,154.1,wear,3.74,1.53,261.9
600,20240711,M07,P011,field,967.9,candidate,499.5,state,5.54,4.15,90.1
601,20230522,M05,P005,heavy,848.7,parent,44.1,product,7.16,2.22,294.6
602,20230928,M05,P012,back,865.9,family,763.8,billion,6.59,0.67,66.7
603,20201212,M07,P006,fly,616.8,speak,230.9,three,9.63,1.0,224.7
604,20231206,M01,P009,hot,774.9,condition,516.0,talk,9.86,1.09,160.2
605,20220403,M02,P006,market,293.4,future,988.4,tree,1.36,3.91,40.0
606,20210417,M06,P005,that,428.7,would,908.8,return,3.41,3.24,37.9
607,20230320,M07,P017,something,535.9,kitchen,465.4,he,9.85,4.51,93.6
608,20200519,M01,P017,coach,788.5,figure,628.4,particularly,1.46,4.96,105.5
609,20220524,M05,P013,another,966.9,improve,694.7,source,5.52,1.83,140.7
610,20231006,M02,P010,parent,249.9,concern,287.6,so,4.98,1.98,366.9
611,20230731,M07,P017,beautiful,648.8,on,244.9,must,6.13,3.19,151.0
612,20220222,M07,P019,this,292.1,claim,927.4,citizen,6.41,1.3,194.5
613,20231026,M05,P004,give,883.1,remain,139.9,carry,9.96,0.14,31.3
614,20210504,M03,P012,chair,28.2,woman,963.6,not,4.71,4.11,311.4
615,20200611,M08,P001,tell,378.7,American,800.4,according,9.79,1.36,271.6
616,20240712,M05,P017,better,266.5,use,343.8,white,7.78,4.56,22.2
617,20210125,M03,P012,financial,712.5,rather,198.5,study,8.86,1.76,479.4
618,20201217,M09,P007,hit,127.0,measure,930.5,strategy,3.77,0.95,472.5
619,20200111,M07,P010,animal,640.1,number,355.2,particularly,2.42,1.72,377.4
620,20241022,M04,P005,dog,841.9,ground,24.5,those,7.88,4.68,37.6
621,20210609,M09,P004,recent,371.7,watch,507.1,prevent,6.7,4.79,391.9
622,20210301,M04,P013,lead,344.9,interest,632.8,admit,8.47,3.05,228.9
623,20220429,M05,P012,doctor,920.2,film,883.0,either,8.95,4.65,395.3
624,20200619,M07,P001,this,909.3,Republican,79.3,anything,1.14,3.15,463.3
625,20201206,M05,P010,response,826.9,common,227.7,discover,9.67,0.15,218.2
626,20210806,M05,P017,high,450.6,low,218.8,compare,7.44,4.75,244.7
627,20220709,M03,P018,a,599.9,nearly,83.3,couple,7.35,0.48,120.7
628,20240425,M02,P012,decade,627.2,process,64.2,southern,9.35,2.07,35.0
629,20231006,M06,P005,something,318.8,husband,94.9,city,6.25,1.41,3.9
630,20200715,M02,P004,majority,339.3,room,996.3,their,8.0,1.39,101.9
631,20230918,M04,P001,why,337.2,only,80.7,occur,3.52,4.51,368.0
632,20230609,M04,P004,international,603.0,police,581.8,baby,9.6,4.51,302.0
633,20231224,M03,P015,certain,138.9,western,691.2,idea,2.83,0.41,480.2
634,20231115,M04,P001,government,936.2,discussion,833.6,bed,5.65,3.33,274.2
635,20210323,M03,P004,training,229.5,put,246.4,however,9.04,0.76,79.3
636,20201009,M08,P001,certainly,841.6,without,871.6,none,4.16,0.98,116.3
637,20201020,M01,P004,serve,581.4,task,411.4,son,3.11,1.67,105.8
638,20240727,M09,P001,more,549.3,would,855.4,effect,4.35,1.26,131.0
639,20221023,M03,P015,reality,699.7,main,183.8,whose,3.6,1.6,126.6
640,20240718,M02,P004,small,711.5,bed,77.7,prepare,5.57,2.87,35.3
641,20220508,M06,P005,somebody,922.5,ask,261.0,return,9.36,0.41,48.9
642,20220503,M05,P019,yard,468.6,often,19.1,instead,5.57,3.04,18.6
643,20200916,M08,P002,catch,884.1,wear,146.9,support,1.09,1.09,230.2
644,20210201,M01,P006,car,960.1,world,426.5,nor,1.28,4.66,282.2
645,20230513,M05,P012,bar,509.2,others,406.5,case,7.89,3.63,178.2
646,20220826,M06,P012,whether,200.7,physical,116.8,art,7.88,0.97,93.9
647,20231228,M05,P016,ball,797.5,perhaps,554.6,now,9.09,4.22,16.1
648,20220318,M02,P011,song,806.5,performance,766.3,perhaps,6.9,3.91,341.0
649,20231215,M09,P007,nation,408.5,talk,262.9,per,9.16,0.44,496.2
650,20220312,M02,P019,thousand,391.8,coach,521.6,man,9.04,2.04,110.0
651,20221215,M08,P015,happen,793.3,trade,519.7,Mrs,4.51,4.12,98.6
652,20210621,M07,P011,during,353.4,attack,123.2,under,9.22,2.48,433.9
653,20221207,M02,P002,air,831.6,read,109.8,reduce,2.54,3.22,196.0
654,20200718,M01,P006,realize,167.3,speech,885.9,control,3.14,0.12,127.4
655,20201118,M05,P017,current,190.7,prove,611.3,personal,7.35,2.58,138.5
656,20220830,M09,P009,ten,420.1,any,137.8,people,5.3,3.81,41.8
657,20210407,M04,P019,accept,629.5,soon,548.1,medical,4.7,1.16,349.5
658,20200203,M07,P016,nature,381.5,idea,446.4,four,3.5,2.62,432.2
659,20241219,M09,P009,week,369.9,yet,516.3,dog,8.45,0.57,481.5
660,20210705,M04,P011,three,954.4,today,319.2,anything,8.98,4.59,210.3
661,20220804,M08,P019,their,847.6,at,299.9,author,2.44,1.25,87.3
662,20240326,M02,P007,these,788.1,drive,92.0,prove,9.15,1.92,377.8
663,20210402,M03,P011,name,35.4,ready,332.9,tree,4.51,1.32,236.3
664,20210711,M05,P011,say,948.4,area,872.4,include,8.04,2.87,265.5
665,20211107,M01,P004,country,732.3,sister,451.1,here,6.27,1.12,435.2
666,20210304,M02,P012,action,326.7,raise,269.8,history,4.29,0.69,306.0
667,20230319,M06,P015,growth,825.5,ready,206.9,partner,3.51,4.52,45.8
668,20240310,M06,P009,kitchen,668.0,beautiful,339.3,alone,9.09,4.33,28.7
669,20240801,M02,P011,positive,749.1,goal,898.2,hundred,8.09,1.4,145.4
670,20230615,M04,P004,tough,240.6,girl,253.2,staff,7.39,1.06,398.9
671,20210619,M01,P012,public,405.6,within,576.6,opportunity,7.61,2.17,98.8
672,20200929,M06,P006,take,582.6,evening,925.7,list,5.32,2.7,91.9
673,20220328,M04,P003,more,691.1,at,18.1,term,3.51,3.65,212.9
674,20220404,M08,P004,record,451.1,where,644.9,goal,3.44,1.27,139.1
675,20200911,M04,P009,television,891.0,month,594.1,example,6.4,1.39,433.9
676,20200423,M06,P005,necessary,541.2,decide,285.4,with,5.1,1.81,389.9
677,20220211,M05,P001,per,352.9,my,871.7,act,7.96,2.52,251.6
678,20220428,M03,P008,skill,193.8,computer,216.0,economic,6.28,4.08,415.7
679,20231228,M09,P005,outside,565.0,what,311.6,laugh,1.39,2.84,233.5
680,20241027,M09,P011,rather,716.0,democratic,972.8,show,7.9,2.99,478.3
681,20220427,M06,P011,good,596.5,land,776.5,health,4.65,1.61,386.2
682,20211219,M07,P018,bring,479.9,strong,401.1,realize,5.59,0.18,78.5
683,20240924,M03,P016,hundred,716.5,among,491.5,that,6.17,2.31,327.8
684,20210903,M01,P019,act,60.8,worry,338.4,explain,7.22,1.08,126.4
685,20200729,M02,P012,which,598.0,hold,340.1,system,1.32,3.19,252.4
686,20241214,M04,P002,why,135.9,prove,711.6,issue,6.45,0.28,197.0
687,20230926,M01,P012,event,775.2,throughout,296.1,reason,6.79,2.97,171.1
688,20230819,M08,P017,provide,162.8,leave,459.3,party,1.87,2.41,257.0
689,20240124,M05,P009,inside,890.4,carry,901.9,real,1.64,3.58,236.1
690,20240722,M02,P012,true,80.0,agent,901.7,ball,9.29,3.44,85.1
691,20240424,M06,P010,all,635.0,south,585.2,idea,3.57,3.51,176.7
692,20240921,M07,P018,team,489.9,generation,763.1,although,4.94,3.8,202.0
693,20211116,M04,P012,particularly,735.0,ball,312.0,occur,4.7,0.82,229.6
694,20210616,M03,P009,dog,837.6,notice,560.3,TV,9.74,0.19,348.9
695,20220519,M09,P017,behind,515.2,them,462.5,at,4.47,2.7,489.7
696,20240315,M06,P005,simple,865.1,central,310.1,arm,4.08,2.58,349.9
697,20230212,M04,P006,student,234.2,message,49.8,man,3.2,3.38,257.5
698,20230726,M01,P004,next,789.7,laugh,530.2,trip,9.09,3.6,430.3
699,20230922,M07,P015,senior,853.8,attention,69.3,attention,6.42,2.05,340.0
700,20230403,M02,P014,free,317.5,country,330.3,look,3.75,2.1,277.6
701,20221218,M02,P014,include,551.0,per,381.7,month,9.36,0.96,101.9
702,20220708,M07,P002,gas,900.1,west,281.7,determine,5.94,2.18,25.9
703,20210615,M05,P015,say,483.9,quite,813.1,allow,8.42,3.0,170.4
704,20200511,M01,P019,trip,101.5,north,635.0,win,4.43,1.66,63.8
705,20210508,M09,P018,Mrs,873.0,until,154.7,kitchen,3.7,0.05,208.3
706,20241204,M02,P018,firm,955.0,know,802.8,create,8.64,4.45,88.8
707,20201019,M02,P011,knowledge,295.4,choice,978.3,likely,1.01,4.43,409.2
708,20240302,M03,P018,finish,607.8,across,872.4,PM,9.12,4.46,486.0
709,20221005,M07,P010,just,824.9,view,164.7,character,5.01,4.83,297.5
710,20210427,M06,P005,by,633.1,role,76.7,between,8.0,4.35,402.1
711,20201112,M08,P007,attack,480.4,series,801.9,dog,7.0,0.63,388.9
712,20220826,M05,P010,make,218.3,response,69.3,and,2.52,2.86,324.5
713,20241008,M02,P012,form,828.4,recognize,603.7,dinner,4.22,0.11,217.4
714,20221107,M09,P014,traditional,536.6,thus,176.0,back,1.6,1.43,83.8
715,20211203,M04,P014,natural,437.5,on,634.5,without,9.35,3.38,108.3
716,20220301,M03,P006,class,776.3,pick,578.2,number,5.88,3.61,499.5
717,20220125,M03,P008,majority,494.8,unit,586.8,say,2.89,2.79,268.5
718,20220717,M05,P008,pay,269.1,arrive,460.0,size,3.55,2.23,23.6
719,20211204,M05,P014,him,109.0,book,634.3,firm,9.44,4.51,462.0
720,20230331,M02,P019,my,169.6,least,656.2,relate,8.17,2.2,408.0
721,20240412,M07,P001,form,613.6,process,738.3,reflect,5.82,2.5,150.6
722,20210819,M06,P004,investment,92.3,give,373.5,pull,7.48,0.91,12.0
723,20240208,M04,P014,affect,562.2,employee,884.6,movement,4.35,1.69,457.6
724,20220819,M09,P014,election,358.7,paper,800.0,start,5.44,3.76,319.8
725,20220802,M08,P009,assume,170.2,simply,121.3,life,2.44,0.01,393.4
726,20220727,M04,P011,material,535.4,usually,414.2,defense,4.62,0.51,97.5
727,20220321,M07,P019,available,812.0,director,741.7,prove,7.47,1.14,493.9
728,20201024,M03,P011,note,719.4,I,93.4,lay,5.33,1.0,165.7
729,20210203,M04,P019,now,403.6,present,458.5,position,5.9,1.33,23.2
730,20240321,M09,P011,bank,967.6,grow,737.4,thousand,9.66,2.19,264.9
731,20210923,M02,P001,stage,406.2,soldier,369.0,image,7.44,0.59,360.3
732,20231003,M03,P008,shoulder,360.2,view,717.5,cost,8.18,3.43,491.2
733,20230426,M05,P012,about,972.0,middle,307.3,each,7.85,4.68,52.2
734,20210501,M06,P007,late,325.2,common,797.5,standard,7.33,4.52,178.3
735,20240702,M01,P014,assume,862.8,responsibility,499.9,whose,5.84,0.99,433.0
736,20230814,M08,P012,community,881.1,military,783.1,TV,5.46,0.03,100.2
737,20210526,M06,P001,particularly,396.1,special,655.9,son,5.84,0.59,124.3
738,20230122,M07,P007,sure,278.3,key,394.4,Mr,5.56,2.44,318.8
739,20200602,M09,P004,these,11.1,ask,571.9,each,2.22,1.23,147.4
740,20231220,M03,P013,for,808.0,much,218.9,television,5.08,4.81,466.1
741,20240429,M09,P003,common,203.2,certain,737.0,fear,9.41,2.46,425.4
742,20220509,M02,P016,eye,748.7,service,765.4,production,8.18,4.69,377.0
743,20240923,M01,P005,provide,131.4,mission,429.6,minute,4.03,2.57,14.5
744,20201223,M04,P001,bar,66.2,just,937.6,wall,7.72,3.92,175.2
745,20231023,M01,P017,help,447.7,interest,494.1,according,3.03,3.04,121.7
746,20210808,M08,P014,own,427.7,kid,638.8,matter,9.71,2.94,402.0
747,20231118,M04,P003,check,491.2,language,616.3,whose,2.3,4.97,146.3
748,20220622,M03,P006,test,945.8,fine,175.1,place,1.83,0.9,31.0
749,20220830,M01,P005,treat,788.3,data,201.9,worry,2.09,0.51,244.5
750,20220923,M08,P001,defense,753.7,soldier,267.4,fine,5.19,1.37,104.4
751,20211127,M08,P013,draw,786.6,deep,356.8,mean,2.96,4.08,463.9
752,20240110,M01,P010,will,879.3,concern,412.0,hard,1.97,4.25,207.1
753,20240902,M06,P011,much,762.0,morning,476.6,boy,7.36,1.91,481.7
754,20210903,M07,P008,test,504.4,wife,830.6,toward,5.03,2.01,405.8
755,20211024,M08,P015,mission,439.7,ever,758.7,this,8.75,3.77,213.2
756,20200524,M03,P014,church,582.7,environment,263.0,blue,5.8,3.57,315.0
757,20200314,M03,P012,than,243.5,difficult,366.5,cultural,4.06,2.79,353.7
758,20211207,M06,P009,stock,129.5,street,424.3,drive,8.55,3.36,318.1
759,20230714,M08,P017,analysis,306.5,attack,451.4,avoid,7.81,2.01,248.8
760,20200627,M03,P012,figure,811.9,support,642.2,thought,3.11,4.1,97.1
761,20210817,M03,P001,military,849.6,population,66.4,though,1.26,3.22,41.7
762,20220427,M04,P005,really,763.7,million,864.4,president,6.2,2.41,244.2
763,20240117,M05,P012,alone,396.5,fine,756.5,common,2.72,2.42,397.8
764,20230519,M04,P008,edge,648.4,billion,215.8,get,3.7,3.5,460.2
765,20230501,M04,P009,or,409.8,stop,583.7,help,3.94,3.95,340.4
766,20221103,M03,P012,sort,812.9,across,733.5,kitchen,2.38,0.11,179.5
767,20230330,M03,P018,in,835.0,state,314.6,change,8.0,2.79,235.8
768,20210524,M04,P009,glass,153.7,store,106.1,spring,7.04,0.21,478.9
769,20201119,M07,P017,seek,343.3,reveal,867.8,support,2.12,2.93,165.3
770,20200904,M03,P014,health,382.5,good,706.7,page,7.8,0.88,220.8
771,20201125,M05,P005,something,734.6,political,117.1,early,9.59,2.91,169.5
772,20211205,M05,P015,notice,103.3,chair,391.4,dark,6.06,0.49,389.6
773,20221006,M09,P001,meet,126.3,manager,303.4,land,8.64,3.79,387.5
774,20231023,M03,P016,crime,476.8,skill,28.9,market,3.76,3.35,39.5
775,20200530,M07,P002,bar,772.6,stop,428.1,professor,4.46,4.12,104.4
776,20230413,M02,P015,weight,538.8,series,705.7,decade,5.51,2.37,191.9
777,20200311,M06,P018,over,311.2,trial,445.7,important,1.4,1.45,181.8
778,20210104,M01,P015,fall,271.0,too,253.4,husband,5.67,4.94,434.8
779,20220331,M08,P005,sign,960.4,born,821.2,way,6.19,0.26,383.0
780,20210508,M05,P010,audience,461.7,wish,913.9,official,6.84,1.34,70.6
781,20211013,M01,P007,language,508.6,seat,293.6,walk,7.31,3.89,417.4
782,20210827,M02,P016,key,339.1,dream,198.8,include,2.84,3.04,248.1
783,20221221,M09,P016,strong,63.1,news,12.1,social,6.25,3.33,435.6
784,20230612,M09,P005,lose,119.2,charge,665.2,short,4.94,1.68,176.0
785,20210508,M07,P005,risk,514.4,present,877.3,beautiful,4.58,3.96,170.3
786,20220805,M01,P009,modern,961.6,skill,835.9,various,8.81,2.37,429.0
787,20240502,M08,P010,industry,462.0,could,873.7,local,7.74,0.59,497.6
788,20200112,M03,P013,point,780.7,various,428.1,feeling,8.36,0.46,483.9
789,20230510,M05,P005,I,462.4,administration,260.0,bank,4.09,0.52,73.0
790,20241103,M04,P001,realize,316.3,expect,549.5,money,4.21,0.99,135.3
791,20241109,M02,P002,life,254.3,something,394.9,mouth,8.65,2.92,260.9
792,20240716,M07,P002,image,241.3,perform,638.1,low,3.23,0.45,275.2
793,20221009,M03,P015,million,400.5,day,856.8,what,4.76,2.0,338.9
794,20240614,M03,P016,professor,755.7,begin,231.5,paper,8.14,4.59,165.2
795,20230327,M02,P012,make,879.1,specific,791.2,his,4.65,2.93,484.1
796,20200417,M07,P001,police,125.8,fund,276.8,week,6.61,0.53,77.0
797,20211203,M01,P008,quickly,314.8,hold,399.4,argue,9.52,4.6,179.6
798,20240206,M02,P019,quickly,520.3,month,711.0,morning,3.27,0.8,23.0
799,20240804,M03,P003,record,280.1,sister,695.6,thousand,4.38,4.92,379.2
800,20230521,M09,P010,writer,424.3,let,508.8,firm,1.42,2.37,381.5
801,20240707,M06,P002,entire,273.6,among,137.8,her,1.3,1.3,392.0
802,20220901,M04,P014,fill,340.0,argue,279.9,article,7.79,2.95,160.6
803,20200525,M05,P007,simply,286.4,time,28.4,mind,6.98,4.67,401.4
804,20220127,M05,P017,car,235.9,hospital,711.0,score,7.3,3.39,125.6
805,20240810,M03,P008,likely,627.6,enough,135.8,hotel,3.13,0.16,48.2
806,20220919,M04,P018,spend,346.7,make,793.7,leg,2.1,3.26,364.6
807,20230127,M04,P016,radio,535.8,evidence,503.9,fire,4.58,0.9,467.6
808,20220809,M01,P006,more,965.1,on,417.2,few,6.58,3.04,228.9
809,20200909,M08,P006,easy,75.6,partner,346.8,sound,4.26,2.36,416.2
810,20210623,M09,P016,give,63.2,information,151.3,response,8.01,2.01,378.3
811,20200118,M05,P004,study,726.9,evidence,467.6,hear,6.4,0.14,169.7
812,20210429,M02,P014,whether,652.5,fill,905.4,with,4.46,2.04,48.5
813,20220613,M09,P015,American,255.5,space,418.8,anything,5.73,2.93,357.1
814,20220607,M07,P013,seven,398.7,marriage,660.5,specific,1.12,4.69,142.2
815,20240704,M02,P011,TV,621.0,enter,211.1,new,3.91,2.09,243.0
816,20211204,M03,P011,color,598.6,ask,282.3,daughter,2.52,3.49,124.2
817,20230828,M08,P006,writer,833.3,card,735.6,live,3.94,1.42,12.7
818,20200305,M01,P011,deal,331.6,two,41.8,case,3.84,0.53,59.7
819,20200615,M06,P004,enter,100.6,nor,393.2,company,8.71,3.31,306.8
820,20200913,M05,P016,conference,744.8,of,929.2,lead,9.51,0.04,452.5
821,20220717,M04,P013,all,583.1,leg,909.2,pull,9.1,4.34,178.6
822,20230602,M09,P008,war,224.7,affect,433.7,system,2.93,3.51,173.5
823,20220713,M05,P011,speech,429.8,mother,503.2,get,3.74,4.73,187.7
824,20230803,M03,P002,play,165.6,resource,680.5,market,9.2,0.89,417.3
825,20200103,M08,P019,same,978.3,notice,481.1,future,8.04,1.95,292.4
826,20210301,M06,P017,floor,810.0,two,266.9,next,8.07,3.48,407.7
827,20200613,M03,P014,season,645.4,type,944.2,fire,7.56,3.19,392.8
828,20230320,M09,P011,your,204.6,choice,863.7,energy,2.2,0.01,485.2
829,20210806,M05,P007,item,173.1,local,449.3,million,8.47,3.56,188.6
830,20220908,M07,P011,learn,343.9,important,852.2,others,6.56,3.89,394.6
831,20211115,M05,P003,money,16.5,better,921.2,stop,7.77,4.83,382.5
832,20210525,M08,P012,development,793.1,result,969.2,office,7.53,3.97,454.1
833,20210425,M06,P015,condition,496.1,house,321.7,television,6.11,2.78,84.2
834,20231023,M03,P019,Democrat,490.1,far,980.7,social,4.0,3.63,378.0
835,20220821,M06,P008,clear,549.9,light,411.9,apply,9.42,3.48,480.8
836,20230428,M08,P011,politics,384.4,field,971.7,compare,7.33,4.39,493.1
837,20210926,M09,P009,bed,769.9,keep,618.2,interesting,2.55,4.24,222.2
838,20210418,M06,P014,floor,181.1,across,100.8,energy,2.7,4.99,475.5
839,20230807,M02,P013,keep,557.5,road,142.8,long,2.19,0.82,308.9
840,20240328,M09,P018,arrive,884.9,produce,743.1,act,4.32,1.26,444.2
841,20240425,M07,P009,doctor,868.7,idea,466.6,save,3.49,2.2,14.6
842,20210211,M08,P013,police,647.8,prove,704.6,chance,4.38,4.04,411.7
843,20220610,M05,P016,good,581.2,dog,853.2,indicate,2.13,2.61,483.2
844,20220925,M05,P014,respond,48.4,rather,475.5,history,6.64,3.06,405.5
845,20230911,M03,P015,wish,703.1,actually,212.7,although,7.46,4.6,120.7
846,20241218,M05,P004,glass,541.5,cut,484.7,road,2.63,3.14,410.7
847,20200401,M07,P010,picture,204.7,here,634.4,almost,5.81,0.4,235.4
848,20240623,M01,P015,election,723.2,close,534.1,capital,2.05,2.71,153.8
849,20240722,M02,P008,too,59.7,yet,904.2,fund,3.74,1.88,203.6
850,20210713,M01,P019,process,786.2,anyone,753.3,rock,9.21,2.21,379.3
851,20220817,M05,P001,surface,977.0,before,366.9,mean,5.42,1.37,58.3
852,20241201,M01,P007,west,582.4,want,863.5,should,8.03,1.03,316.4
853,20241113,M03,P003,enjoy,614.8,consider,741.3,cold,3.79,1.59,38.1
854,20210201,M09,P017,become,892.6,left,378.6,resource,6.81,3.85,242.5
855,20240429,M01,P002,manager,725.5,leader,689.5,up,6.95,2.39,348.5
856,20231125,M09,P004,owner,453.2,card,759.6,line,2.3,0.82,423.3
857,20231003,M07,P012,surface,52.5,director,706.2,card,7.99,1.81,7.4
858,20230620,M09,P009,simple,81.2,government,857.2,much,1.95,0.42,466.6
859,20230311,M07,P019,last,630.8,shoulder,194.8,window,6.54,2.15,239.5
860,20231210,M04,P001,direction,277.1,employee,625.6,charge,8.72,0.3,474.7
861,20240402,M03,P001,rise,741.0,whether,742.6,operation,2.97,3.4,215.3
862,20230111,M02,P009,improve,721.2,east,811.7,whole,6.84,3.06,449.0
863,20230608,M08,P002,we,853.7,fact,708.5,call,7.61,3.53,294.9
864,20241215,M02,P003,later,821.9,decision,939.9,thing,5.42,3.53,276.1
865,20230812,M02,P003,may,580.4,pass,749.8,government,8.82,0.44,415.5
866,20221130,M07,P009,Mrs,686.8,issue,221.5,indeed,9.36,1.32,196.0
867,20231210,M09,P008,care,500.5,prevent,172.3,detail,4.74,0.84,498.3
868,20240825,M06,P002,state,518.3,push,986.7,allow,4.5,0.25,329.7
869,20241014,M06,P002,quite,817.4,professor,251.8,whose,3.77,2.81,229.7
870,20230317,M01,P010,eight,629.7,summer,244.2,together,6.76,4.7,142.7
871,20201201,M06,P001,treatment,737.1,security,449.1,someone,8.87,3.27,13.1
872,20231005,M07,P010,find,489.3,off,781.6,discussion,3.17,1.06,411.9
873,20241121,M03,P016,medical,529.6,author,182.7,general,1.64,4.87,9.0
874,20210922,M09,P008,Republican,582.8,view,893.4,later,6.23,4.71,241.9
875,20231016,M02,P007,place,51.1,pattern,41.4,be,1.09,1.42,53.5
876,20211126,M01,P016,start,48.7,sound,157.7,well,4.4,0.53,170.0
877,20210511,M06,P006,professional,454.4,two,443.4,bag,3.05,0.15,219.6
878,20210726,M09,P012,field,321.5,water,539.2,above,1.38,0.68,198.8
879,20220225,M09,P002,watch,338.1,lose,770.8,section,7.55,4.01,192.9
880,20240908,M07,P013,let,364.8,center,306.4,thing,3.83,0.79,353.2
881,20230516,M04,P003,hand,110.6,government,816.0,agent,9.45,1.44,305.1
882,20220327,M09,P003,night,905.8,tell,605.4,Congress,5.07,1.67,246.3
883,20231230,M05,P007,spring,444.4,serve,932.6,fund,2.83,1.71,46.3
884,20200507,M03,P012,market,934.7,season,634.0,quality,6.59,1.91,39.6
885,20210801,M07,P019,work,953.7,few,611.0,throughout,6.44,2.05,165.5
886,20241123,M05,P007,although,827.0,race,424.8,project,1.5,2.94,174.1
887,20200722,M04,P015,place,359.9,skin,169.7,car,8.24,1.18,209.9
888,20230816,M06,P012,guy,604.3,dream,190.2,most,5.27,4.76,190.4
889,20210223,M02,P017,position,132.4,employee,460.6,too,1.45,3.65,450.8
890,20210709,M04,P009,wear,214.7,operation,486.2,which,3.49,0.62,253.1
891,20240303,M04,P005,generation,711.6,blood,222.1,player,6.78,4.43,213.1
892,20200419,M09,P004,standard,830.2,likely,942.6,manager,3.42,4.54,1.2
893,20230709,M06,P001,beyond,204.4,nature,667.1,hundred,4.67,0.64,57.8
894,20220615,M02,P016,various,42.4,hundred,828.1,whole,8.49,2.85,43.5
895,20200629,M06,P011,teach,107.6,dog,536.3,remember,5.83,2.23,227.9
896,20231227,M08,P007,future,545.3,society,887.0,daughter,8.13,4.79,164.8
897,20241124,M04,P009,though,792.4,lot,200.6,them,6.49,3.39,476.9
898,20220313,M06,P016,mother,829.8,later,656.1,even,4.88,3.53,273.4
899,20200229,M08,P005,authority,49.3,fish,802.5,which,4.77,2.37,125.2
900,20220719,M05,P017,thank,724.7,high,230.9,newspaper,9.81,0.36,445.2
901,20200522,M04,P011,onto,61.6,like,678.9,be,4.19,3.3,361.5
902,20210220,M01,P016,ten,86.9,magazine,457.6,them,1.17,0.17,168.9
903,20221130,M02,P009,force,710.6,happy,147.7,teach,2.38,0.57,109.3
904,20201121,M01,P010,tax,594.3,try,946.5,blue,8.01,3.33,187.3
905,20240408,M01,P004,travel,673.9,group,227.3,standard,1.83,4.13,218.3
906,20220307,M03,P008,deal,459.6,together,175.8,choose,8.23,4.74,399.7
907,20220724,M03,P006,across,697.5,financial,820.6,sit,4.2,3.64,41.4
908,20221101,M05,P006,if,24.7,attention,34.3,kitchen,5.54,1.91,93.7
909,20220815,M08,P006,beat,476.7,west,940.5,charge,6.67,0.3,395.5
910,20240521,M05,P011,foot,752.0,I,153.0,serious,4.71,2.75,451.6
911,20220225,M05,P018,major,969.4,entire,173.8,tax,2.59,3.63,488.3
912,20210930,M09,P016,house,338.4,region,402.3,resource,8.96,0.54,186.3
913,20230914,M04,P006,necessary,329.8,agree,479.4,explain,4.51,2.49,266.0
914,20221003,M06,P019,development,781.7,give,937.8,many,9.34,0.34,109.9
915,20230613,M07,P007,attack,327.7,discover,869.8,receive,9.67,4.04,89.0
916,20210828,M08,P017,know,223.7,including,981.5,institution,1.69,4.37,152.7
917,20200706,M09,P014,character,139.5,soldier,15.2,want,7.23,4.31,362.5
918,20220201,M03,P018,modern,544.6,somebody,162.0,college,3.96,3.14,326.1
919,20240210,M05,P002,fall,577.0,walk,102.1,may,4.26,1.32,233.0
920,20221025,M04,P008,address,130.0,fall,149.9,partner,9.09,3.05,304.9
921,20210920,M07,P009,policy,775.9,American,853.8,over,8.04,1.17,469.6
922,20200213,M02,P012,seek,887.1,education,353.4,positive,5.11,1.03,295.2
923,20240517,M09,P009,spend,897.5,conference,758.0,occur,3.15,0.82,323.6
924,20241016,M01,P003,middle,816.1,treatment,93.2,almost,6.07,4.48,419.6
925,20240825,M02,P004,strategy,720.3,series,384.6,local,9.25,3.56,438.2
926,20210105,M09,P019,grow,884.1,edge,371.7,region,4.39,0.28,53.0
927,20231024,M02,P009,wind,641.4,stay,809.0,add,2.62,4.0,390.3
928,20200418,M06,P008,exist,707.7,bring,639.9,church,3.5,2.28,393.1
929,20240108,M02,P009,former,696.6,color,808.9,sound,8.34,1.46,455.9
930,20220810,M09,P018,left,49.7,help,491.0,son,6.57,0.09,402.9
931,20221030,M04,P010,lay,691.9,onto,49.5,year,3.43,2.59,125.1
932,20220422,M02,P006,world,613.5,economic,313.3,couple,9.74,2.33,319.1
933,20220319,M03,P007,least,180.6,want,113.9,thing,9.11,1.89,167.4
934,20210628,M01,P017,system,354.7,serve,106.8,second,7.21,2.71,329.9
935,20241208,M09,P004,perform,83.6,whole,684.4,meeting,7.52,0.54,493.0
936,20210308,M06,P016,alone,288.8,help,717.6,stand,1.88,2.57,35.3
937,20220930,M03,P018,television,252.4,respond,133.4,nation,4.6,4.55,302.0
938,20231011,M03,P015,radio,500.1,land,193.7,environmental,5.5,3.11,399.7
939,20230106,M03,P003,during,350.2,maintain,582.3,town,1.66,0.4,92.2
940,20230214,M05,P009,why,675.4,bit,14.0,tend,5.04,4.72,207.9
941,20211130,M04,P015,big,116.3,speech,309.9,our,4.1,2.02,130.9
942,20210110,M06,P012,anything,678.8,position,30.9,sister,4.9,2.55,182.7
943,20220916,M05,P006,floor,517.6,capital,280.6,them,4.41,4.25,168.5
944,20230715,M04,P001,may,730.1,federal,595.6,north,1.71,3.54,280.8
945,20240127,M09,P003,clear,380.9,hand,540.0,situation,2.95,0.51,441.0
946,20200106,M07,P002,out,493.1,our,845.8,admit,8.78,1.49,11.3
947,20240704,M07,P005,a,596.5,involve,411.2,star,6.91,1.77,194.0
948,20220219,M07,P012,single,933.1,at,704.1,vote,9.02,2.33,351.9
949,20221010,M04,P001,above,753.7,own,271.1,challenge,5.08,1.69,76.0
950,20201125,M04,P013,those,168.8,administration,140.6,may,8.06,3.77,308.3
951,20230815,M08,P003,charge,140.6,total,189.1,its,7.81,3.18,112.4
952,20211004,M08,P019,answer,12.2,leg,675.8,none,1.98,0.97,197.7
953,20230217,M09,P019,involve,433.8,hard,398.8,their,6.14,2.98,434.9
954,20221122,M04,P019,offer,297.0,world,705.0,he,7.62,2.42,427.9
955,20210419,M05,P014,time,597.4,media,247.6,bed,8.23,4.79,15.2
956,20210724,M03,P013,himself,425.5,whom,301.8,debate,6.1,1.93,98.6
957,20231019,M08,P012,all,841.5,language,382.9,produce,1.12,4.27,445.3
958,20200330,M03,P014,suggest,765.7,close,375.2,behind,5.75,0.9,443.7
959,20210721,M03,P019,similar,90.0,area,965.5,production,7.42,1.88,23.9
960,20200217,M04,P001,somebody,268.3,model,844.2,field,9.78,0.81,452.2
961,20220303,M02,P019,likely,52.0,contain,358.4,husband,7.7,2.06,213.5
962,20240126,M02,P009,garden,114.1,laugh,546.9,hundred,5.87,4.82,56.7
963,20220710,M01,P005,figure,129.3,ball,640.3,college,6.15,2.35,283.7
964,20200904,M06,P010,feeling,501.2,former,179.3,movement,8.22,0.83,52.5
965,20230816,M02,P007,keep,573.7,reveal,422.5,series,8.49,3.91,75.0
966,20221116,M03,P012,word,836.3,thus,194.6,raise,9.56,4.57,207.8
967,20220620,M07,P015,party,485.6,another,486.3,if,5.12,4.39,464.8
968,20240322,M06,P011,late,648.6,on,775.5,seem,1.1,0.62,56.4
969,20221004,M09,P013,table,838.4,account,615.5,carry,3.23,4.55,352.4
970,20201102,M05,P009,discussion,35.8,budget,489.3,at,9.25,1.49,412.1
971,20200828,M07,P015,interest,369.8,dream,377.8,walk,2.09,0.78,73.1
972,20210610,M04,P017,at,748.1,box,203.6,carry,2.17,2.17,289.6
973,20200901,M04,P003,seek,985.7,thousand,161.8,drop,2.81,2.07,37.9
974,20210416,M02,P017,fact,577.4,soldier,688.8,yourself,2.32,0.54,237.1
975,20221224,M06,P005,local,789.5,lay,573.6,difficult,6.1,0.43,461.1
976,20240605,M09,P003,artist,287.8,voice,963.0,yeah,8.78,3.63,219.5
977,20240417,M04,P004,community,273.6,however,981.8,quality,7.94,4.83,406.9
978,20200811,M04,P012,fall,545.1,article,65.9,season,5.26,2.91,294.5
979,20230208,M07,P001,later,333.1,turn,664.3,model,2.26,2.12,374.5
980,20240607,M06,P004,day,761.6,food,258.4,daughter,8.63,0.11,320.4
981,20230209,M06,P003,maintain,716.6,argue,427.0,out,4.9,3.87,465.0
982,20211130,M07,P005,up,933.6,share,599.3,of,1.97,2.38,465.5
983,20201207,M07,P003,movie,221.5,source,720.6,bank,2.67,4.1,415.4
984,20210908,M09,P002,media,18.6,off,641.9,foreign,9.88,2.21,304.4
985,20230718,M08,P001,institution,60.8,entire,655.6,herself,4.89,0.11,174.1
986,20200503,M02,P001,also,794.4,entire,271.2,without,9.68,4.34,315.1
987,20230803,M07,P013,later,428.9,and,514.5,fund,4.53,0.23,395.6
988,20210823,M09,P005,on,525.0,attention,650.6,budget,8.51,4.74,247.5
989,20220327,M01,P004,effort,373.8,throw,104.3,deal,8.46,2.97,447.0
990,20220724,M05,P011,voice,283.7,create,793.5,fight,4.54,4.46,10.5
991,20221027,M07,P004,none,78.2,federal,696.5,force,7.54,4.44,13.8
992,20210929,M03,P010,maybe,29.2,painting,74.8,again,7.67,2.58,88.2
993,20210627,M03,P006,risk,165.1,set,497.8,tend,8.2,4.78,230.6
994,20200514,M07,P007,every,995.0,model,690.4,push,4.18,1.84,67.5
995,20230831,M05,P013,onto,384.5,cost,770.7,officer,8.01,0.41,443.5
996,20210829,M06,P002,threat,339.5,message,108.7,rate,5.43,0.18,30.0
997,20200816,M06,P008,wife,590.8,look,651.2,condition,5.65,1.18,242.1
998,20220417,M03,P016,threat,878.4,kid,246.8,newspaper,3.62,3.5,207.1
999,20240415,M04,P001,wall,510.6,write,293.9,nothing,2.45,2.55,64.5
1000,20201231,M07,P019,prepare,205.5,many,333.6,senior,7.46,0.05,363.4
